[2026-09-15 21:03:59.964] [info]  splashScreenPreload: signalReady
[2026-09-15 21:04:00.003] [info]  splashScreenPreload: onStateUpdate: {"status":"checking-for-updates"}
[2026-09-15 21:04:00.310] [info]  splashScreenPreload: onStateUpdate: {"status":"launching"}
[2026-09-15 21:04:01.733] [info]  [libdiscore] [experiment_manager] Loaded experiments from cache
[2026-09-15 21:04:02.025] [info]  Initializing voice engine with audio subsystem: standard
[2026-09-15 21:04:02.326] [info]  [default] [BUILD INFO] Release Channel: ptb, Build Number: 613334, Version Hash: fd72049652b026bf89686ce2515b1f1669cf7f68
[2026-09-15 21:04:02.356] [warn]  [CloudSyncUtils] CloudSync is not supported on this platform
[2026-09-15 21:04:02.628] [info]  [default] [NATIVE INFO] host 1.0.191, modules: discord_cloudsync: 1, discord_desktop_core: 1, discord_dispatch: 1, discord_erlpack: 1, discord_game_utils: 1, discord_krisp: 1, discord_modules: 1, discord_rpc: 1, discord_spellcheck: 1, discord_utils: 1, discord_voice: 1, discord_zstd: 1, build: null
[2026-09-15 21:04:02.632] [info]  [libdiscore] The answer for life the universe and everything is: 42
[2026-09-15 21:04:02.632] [error] [Clips] Failed to resolve videos path for default storage migration Error: videos is not an allowed app path
[2026-09-15 21:04:03.155] [warn]  [MediaEngineStore] Failed to load Krisp module: Failed to setup Krisp module, error code: -3
[2026-09-15 21:04:03.159] [error] [AVError] AV error reported: noise-canceller-error {"underlyingError":"NoiseCancellerError.KRISP_INIT_ERROR_UNSIGNED"}
[2026-09-15 21:04:03.686] [info]  [RPCServer:WSS] Starting on 6463
[2026-09-15 21:04:03.689] [info]  [RPCServer:IPC] Starting on /run/user/1000/discord-ipc-0
[2026-09-15 21:04:03.817] [info]  [KeybindsStore] Default overlay keybind is unsupported [object Object]
[2026-09-15 21:04:03.817] [info]  [KeybindsStore] Default overlay keybind is unsupported [object Object]
[2026-09-15 21:04:04.288] [info]  [useAuthWebsocket] [0ms] connecting to wss://remote-auth-gateway.discord.gg/?v=2
[2026-09-15 21:04:04.537] [info]  [useAuthWebsocket] [250ms] got hello, auth timeout=298615ms
[2026-09-15 21:04:04.557] [info]  [MediaEngineStore] OpenH264 download status [object Object]
[2026-09-15 21:04:04.813] [info]  [MediaEngineStore] OpenH264 is ready [object Object]
[2026-09-15 21:04:04.813] [info]  [useAuthWebsocket] [525ms] connected, handshaking with fingerprint: gEg8D5wwYhGKecUoR-JhNsfDDaR-5Y0A0uIha1qXRbc
[2026-09-15 21:04:04.815] [info]  OpenH264 cleanup: Deleted unused file "libopenh264-2.5.1-linux64.7.so.bz2"
[2026-09-15 21:04:04.816] [info]  OpenH264 cleanup: Deleted 1 unused files
[2026-09-15 21:04:04.818] [info]  [MediaEngineStore] OpenH264 cleanup [object Object]
[2026-09-15 21:04:04.972] [info]  [useAuthWebsocket] [684ms] computed nonce proof
[2026-09-15 21:04:05.121] [info]  [useAuthWebsocket] [833ms] handshake complete awaiting remote auth.
[2026-09-15 21:04:11.796] [info]  [Flux] Dispatching LOGIN
[2026-09-15 21:04:12.398] [info]  recaptchacompat disabled
[2026-09-15 21:04:13.732] [info]  [object Object]
[2026-09-15 21:04:13.827] [info]  WebGPU is experimental on this platform. See https://github.com/gpuweb/gpuweb/wiki/Implementation-Status#implementation-status
[2026-09-15 21:04:13.949] [warn]  Failed to create WebGPU Context Provider
[2026-09-15 21:04:40.815] [info]  [Flux] Dispatching LOGIN
[2026-09-15 21:04:42.144] [info]  [Flux] Dispatching LOGIN_SUCCESS
[2026-09-15 21:04:42.153] [info]  [Routing/Utils] transitionTo - Transitioning to /app
[2026-09-15 21:04:42.170] [info]  [GatewaySocket] [CONNECT] wss://gateway.discord.gg, encoding: etf, version: 9, compression: zstd-stream
[2026-09-15 21:04:42.171] [info]  [useAuthWebsocket] [37882ms] cleaning up
[2026-09-15 21:04:42.200] [info]  [KeybindsStore] Default overlay keybind is unsupported [object Object]
[2026-09-15 21:04:42.540] [info]  [GatewaySocket] [CONNECTED] wss://gateway.discord.gg/?encoding=etf&v=9&compress=zstd-stream in 372 ms
[2026-09-15 21:04:43.504] [info]  [GatewaySocket] [READY] took 1336ms, as 287017f770775314fab27778c905ec9b
[2026-09-15 21:04:43.525] [info]  [Flux] Dispatching CONNECTION_OPEN
[2026-09-15 21:04:43.543] [info]  [DatabaseManager] removing database (user: 1164952224254926932, database: undefined)
[2026-09-15 21:04:43.559] [warn]  [NativeDispatchUtils] Tried getting Dispatch instance before instantiated
[2026-09-15 21:04:43.583] [info]  [KeybindsStore] Default overlay keybind is unsupported [object Object]
[2026-09-15 21:04:44.542] [info]  [GatewaySocket] [READY_SUPPLEMENTAL] took 2374ms
[2026-09-15 21:04:44.703] [error] [Spellchecker] sh is not a valid locale.
[2026-09-15 21:04:44.879] [info]  [Spellchecker] Switching to en-US (available)
[2026-09-15 21:04:46.770] [info]  [OverlayKeybindExperimentManager] Experiments initializing...
[2026-09-15 21:04:46.773] [info]  [KeybindsStore] Default overlay keybind is unsupported [object Object]
[2026-09-15 21:04:46.788] [info]  [OverlayKeybindExperimentManager] Experiments initialized
[2026-09-15 21:04:46.799] [error] Access to XMLHttpRequest at 'https://cdn.discordapp.com/changelogs/config_0.json?x=0' from origin 'https://ptb.discord.com' has been blocked by CORS policy: The 'Access-Control-Allow-Origin' header contains multiple values 'https://ptb.discord.com, https://ptb.discord.com', but only one is allowed.
[2026-09-15 21:04:46.826] [error] Uncaught (in promise) Error: Cannot set setting key: DESKTOP_TTI_SPLASH_USE_WEBP
[2026-09-15 21:04:46.927] [info]  [discord_protos.discord_users.v1.PreloadedUserSettings] Updating userContent with delay 0
[2026-09-15 21:04:46.944] [info]  [discord_protos.discord_users.v1.PreloadedUserSettings] Scheduling save from markDirty
[2026-09-15 21:04:46.994] [error] Uncaught (in promise) Error: Request has been terminated
Possible causes: the network is offline, Origin is not allowed by Access-Control-Allow-Origin, the page is being unloaded, etc.
[2026-09-15 21:04:47.009] [info]  [discord_protos.discord_users.v1.PreloadedUserSettings] Persisting proto
[2026-09-15 21:04:47.074] [info]  [SignalHelpers.web] signalAllAcceptedCredentials [object Object]
[2026-09-15 21:04:48.017] [info]  [discord_protos.discord_users.v1.PreloadedUserSettings] Updating userContent with delay 0
[2026-09-15 21:04:48.020] [info]  [discord_protos.discord_users.v1.PreloadedUserSettings] Scheduling save from markDirty
[2026-09-15 21:04:48.044] [info]  [discord_protos.discord_users.v1.PreloadedUserSettings] Persisting proto
[2026-09-15 21:04:53.572] [info]  [ReadStateStore] Deleting ReadState 1357494300908322917 0 [object Object]
[2026-09-15 21:04:53.672] [info]  [ReadStateStore] Deleting ReadState 1530743660960809142 0 [object Object]
[2026-09-15 21:04:57.368] [info]  [libdiscore] [BlockedDomainsStore] Successfully fetched blocked domains
[2026-09-15 21:05:09.937] [info]  [MessageActionCreators] Fetching messages for 1549496308446929060 between undefined and undefined. jump={"jumpType":"ANIMATED"}
[2026-09-15 21:05:10.302] [info]  [MessageActionCreators] Fetched 1 messages for 1549496308446929060 isBefore:false isAfter:false
[2026-09-15 21:05:10.305] [info]  [ChannelMessages] loadComplete: resetting state for channelId=1549496308446929060, sending.length=0
[2026-09-15 21:05:10.792] [info]  [SignalHelpers.web] signalCurrentUserDetails [object Object]
[2026-09-15 21:05:11.008] [info]  [discord_protos.discord_users.v1.FrecencyUserSettings] Loading proto
[2026-09-15 21:05:20.701] [info]  [Clips] decider: clear() called — currentSessionGameKey=null currentSessionId=undefined pendingSessionGameKey=null candidates=0
[2026-09-15 21:05:20.702] [info]  [Clips] decider: processClipCandidates — sessionId=undefined candidates=0 staleCandidates=0 autoStashEnabled=false
[2026-09-15 21:05:20.703] [info]  [Clips] ranked clips: [object Object]
[2026-09-15 21:05:21.018] [info]  [RTCConnection(1549496308446929060, default)] Updating channel: 1549496308446929060(1)
[2026-09-15 21:05:21.278] [info]  [RTCControlSocket(default)] [CONNECT] wss://c-cph03-6b169050.discord.media:443/
[2026-09-15 21:05:21.278] [info]  [RTCConnection(1549496308446929060, default)] Connecting to RTC server wss://c-cph03-6b169050.discord.media:443/, rtc-connection-id: 5ac47eab-c922-4d87-a399-26eecec5364e, channel: 1549496308446929060(1)
[2026-09-15 21:05:21.279] [info]  [RTCConnection(1549496308446929060, default)] RTC connection state: AWAITING_ENDPOINT => CONNECTING
[2026-09-15 21:05:21.395] [info]  [RTCConnection(1549496308446929060, default)] Connected to RTC server.
[2026-09-15 21:05:21.395] [info]  [RTCControlSocket(default)] [CONNECTED] wss://c-cph03-6b169050.discord.media:443/ in 117 ms
[2026-09-15 21:05:21.396] [info]  [RTCConnection(1549496308446929060, default)] RTC connection state: CONNECTING => AUTHENTICATING
[2026-09-15 21:05:21.405] [info]  [RTCControlSocket(default)] [HELLO] heartbeat interval: 13750, version: 8, took 128 ms
[2026-09-15 21:05:21.406] [info]  [RTCControlSocket(default)] Starting heartbeat with interval: 13750
[2026-09-15 21:05:21.418] [info]  [RTCControlSocket(default)] [READY] took 141 ms
[2026-09-15 21:05:21.420] [info]  [RTCConnection(1549496308446929060, default)] RTC connection state: AUTHENTICATING => RTC_CONNECTING
[2026-09-15 21:05:21.425] [info]  [Connection(default)] Creating connection to 104.29.154.210:19300 with audio ssrc: 67870
[2026-09-15 21:05:21.445] [info]  [Connection(default)] Connected with local address 217.215.151.36:36640 and protocol: udp
[2026-09-15 21:05:21.460] [info]  [Connection(default)] Available engine codecs: "[{\"codec\":\"AV1\",\"decode\":true,\"encode\":false},{\"codec\":\"H264\",\"decode\":true,\"encode\":false},{\"codec\":\"VP8\",\"decode\":true,\"encode\":true}]\n"
[2026-09-15 21:05:21.461] [info]  [Connection(default)] Experimental codecs: [{"name":"AV1","encode":false,"decode":true},{"name":"H265","encode":true,"decode":true}]
[2026-09-15 21:05:21.461] [info]  [Connection(default)] Audio codecs: opus
[2026-09-15 21:05:21.461] [info]  [Connection(default)] Video codecs: AV1[encode: false, decode: true],H264[encode: false, decode: true],VP8[encode: true, decode: true]
[2026-09-15 21:05:21.481] [info]  [Connection(default)] Encryption modes: aead_aes256_gcm_rtpsize,aead_aes256_gcm,aead_xchacha20_poly1305_rtpsize,xsalsa20_poly1305_lite_rtpsize,xsalsa20_poly1305_lite,xsalsa20_poly1305_suffix,xsalsa20_poly1305
[2026-09-15 21:05:21.483] [info]  [Connection(default)] Connection state change: CONNECTING => CONNECTED
[2026-09-15 21:05:21.483] [info]  [RTCConnection(1549496308446929060, default)] RTC media connection state change: RTC_CONNECTING => CONNECTED
[2026-09-15 21:05:21.484] [info]  [RTCConnection(1549496308446929060, default)] RTC connection state: RTC_CONNECTING => RTC_CONNECTED
[2026-09-15 21:05:21.488] [info]  [RTCConnection(1549496308446929060, default)] RTC connected to media server: 104.29.154.210:19300
[2026-09-15 21:05:21.490] [info]  [RTCConnection(1549496308446929060, default)] Sending UDP info to RTC server. [object Object] fixed_keyframe_interval
[2026-09-15 21:05:21.490] [info]  [Connection(default)] Creating user: 1538880067499991050 with audio SSRC: 67867 and video SSRCs: 
[2026-09-15 21:05:21.523] [info]  [RTCConnection(1549496308446929060, default)] Setting media-session-id: 0ee374760fd65522057be67e8fed3fec for rtc-connection-id: 5ac47eab-c922-4d87-a399-26eecec5364e
[2026-09-15 21:05:21.524] [info]  [Connection(default)] Selected encryption mode: aead_aes256_gcm_rtpsize
[2026-09-15 21:05:21.525] [info]  [RTCConnection(1549496308446929060, default)] DAVE protocol init with protocol version: 1
[2026-09-15 21:05:21.535] [info]  [RTCConnection(1549496308446929060, default)] Remote media sink wants: {"any":100}
[2026-09-15 21:05:21.536] [info]  [RTCConnection(1549496308446929060, default)] Received MLS external sender package
[2026-09-15 21:05:21.536] [info]  [RTCConnection(1549496308446929060, default)] Received MLS proposals
[2026-09-15 21:05:21.537] [info]  [Connection(default)] DAVE protocol state update: {"version":1,"epochAuthenticator":""}
[2026-09-15 21:05:21.537] [info]  [RTCConnection(1549496308446929060, default)] Got MLS key package, sending to RTC server
[2026-09-15 21:05:21.537] [info]  [RTCControlSocket(default)] Sending MLS key package
[2026-09-15 21:05:21.543] [info]  [RTCConnection(1549496308446929060, default)] Sending MLS commit welcome message
[2026-09-15 21:05:21.543] [info]  [RTCControlSocket(default)] Sending MLS commit + welcome message
[2026-09-15 21:05:21.557] [info]  [RTCConnection(1549496308446929060, default)] Received MLS commit for transition ID 0
[2026-09-15 21:05:21.558] [info]  [Connection(default)] DAVE protocol state update: {"version":1,"epochAuthenticator":"F/FBUPfrvffIJ0+QnD3ffTpwxVXSk40y9fYz2p8H31c="}
[2026-09-15 21:05:23.090] [info]  [InputWatcher] Silence: false
[2026-09-15 21:05:35.157] [info]  [RTCControlSocket(default)] Sending heartbeat with last received sequence number: 7
[2026-09-15 21:05:35.182] [info]  [RTCControlSocket(default)] Heartbeat ACK received
[2026-09-15 21:05:48.907] [info]  [RTCControlSocket(default)] Sending heartbeat with last received sequence number: 7
[2026-09-15 21:05:48.924] [info]  [RTCControlSocket(default)] Heartbeat ACK received
[2026-09-15 21:05:51.021] [error] ResizeObserver loop completed with undelivered notifications.
[2026-09-15 21:05:53.257] [info]  [discord_protos.discord_users.v1.PreloadedUserSettings] Updating userContent with delay 0
[2026-09-15 21:05:53.289] [info]  [discord_protos.discord_users.v1.PreloadedUserSettings] Scheduling save from markDirty
[2026-09-15 21:05:53.389] [info]  [discord_protos.discord_users.v1.PreloadedUserSettings] Persisting proto
[2026-09-15 21:05:54.822] [info]  [StreamTile] Stream Tile State - activeStream: true | selected: false | Video: true | MediaEngine: true
[2026-09-15 21:05:54.823] [info]  [StreamTile] Stream Tile State - activeStream: true | selected: true | Video: true | MediaEngine: true
[2026-09-15 21:05:55.135] [info]  [StreamTile] Stream Tile State - activeStream: true | selected: false | Video: true | MediaEngine: true
[2026-09-15 21:05:55.136] [info]  [StreamTile] Stream Tile State - activeStream: true | selected: true | Video: true | MediaEngine: true
[2026-09-15 21:05:55.456] [info]  [RTCControlSocket(stream)] [CONNECT] wss://c-cph03-fe274515.discord.media:8443/
[2026-09-15 21:05:55.457] [info]  [RTCConnection(1549496502739542086, stream)] Connecting to RTC server wss://c-cph03-fe274515.discord.media:8443/, rtc-connection-id: 72f9995d-22d5-41bd-9511-57aadd1c86a7, channel: 1549496308446929060(1)
[2026-09-15 21:05:55.458] [info]  [RTCConnection(1549496502739542086, stream)] RTC connection state: AWAITING_ENDPOINT => CONNECTING
[2026-09-15 21:05:55.536] [info]  [RTCConnection(1549496502739542086, stream)] Connected to RTC server.
[2026-09-15 21:05:55.537] [info]  [RTCControlSocket(stream)] [CONNECTED] wss://c-cph03-fe274515.discord.media:8443/ in 81 ms
[2026-09-15 21:05:55.538] [info]  [RTCConnection(1549496502739542086, stream)] RTC connection state: CONNECTING => AUTHENTICATING
[2026-09-15 21:05:55.541] [info]  [RTCControlSocket(stream)] [HELLO] heartbeat interval: 13750, version: 8, took 85 ms
[2026-09-15 21:05:55.541] [info]  [RTCControlSocket(stream)] Starting heartbeat with interval: 13750
[2026-09-15 21:05:55.553] [info]  [RTCControlSocket(stream)] [READY] took 98 ms
[2026-09-15 21:05:55.554] [info]  [RTCConnection(1549496502739542086, stream)] RTC connection state: AUTHENTICATING => RTC_CONNECTING
[2026-09-15 21:05:55.558] [info]  [Connection(stream)] Creating connection to 104.29.154.208:19336 with audio ssrc: 70427
[2026-09-15 21:05:55.621] [info]  [Connection(stream)] Connected with local address 217.215.151.36:60179 and protocol: udp
[2026-09-15 21:05:55.629] [info]  [Connection(stream)] Available engine codecs: "[{\"codec\":\"AV1\",\"decode\":true,\"encode\":false},{\"codec\":\"H264\",\"decode\":true,\"encode\":false},{\"codec\":\"VP8\",\"decode\":true,\"encode\":true}]\n"
[2026-09-15 21:05:55.629] [info]  [Connection(stream)] Experimental codecs: [{"name":"AV1","encode":false,"decode":true},{"name":"H265","encode":true,"decode":true}]
[2026-09-15 21:05:55.630] [info]  [Connection(stream)] Audio codecs: opus
[2026-09-15 21:05:55.630] [info]  [Connection(stream)] Video codecs: AV1[encode: false, decode: true],H264[encode: false, decode: true],VP8[encode: true, decode: true]
[2026-09-15 21:05:55.636] [info]  [Connection(stream)] Encryption modes: aead_aes256_gcm_rtpsize,aead_aes256_gcm,aead_xchacha20_poly1305_rtpsize,xsalsa20_poly1305_lite_rtpsize,xsalsa20_poly1305_lite,xsalsa20_poly1305_suffix,xsalsa20_poly1305
[2026-09-15 21:05:55.637] [info]  [Connection(stream)] Connection state change: CONNECTING => CONNECTED
[2026-09-15 21:05:55.638] [info]  [RTCConnection(1549496502739542086, stream)] RTC media connection state change: RTC_CONNECTING => CONNECTED
[2026-09-15 21:05:55.638] [info]  [RTCConnection(1549496502739542086, stream)] RTC connection state: RTC_CONNECTING => RTC_CONNECTED
[2026-09-15 21:05:55.641] [info]  [RTCConnection(1549496502739542086, stream)] Go Live Media sink wants: {"70425":100,"pixelCounts":{"70425":0}}
[2026-09-15 21:05:55.642] [info]  [RTCConnection(1549496502739542086, stream)] RTC connected to media server: 104.29.154.208:19336
[2026-09-15 21:05:55.643] [info]  [RTCConnection(1549496502739542086, stream)] Sending UDP info to RTC server. [object Object] fixed_keyframe_interval
[2026-09-15 21:05:55.643] [info]  [Connection(stream)] Creating user: 1538880067499991050 with audio SSRC: 70424 and video SSRCs: 70425
[2026-09-15 21:05:55.662] [info]  [RTCConnection(1549496502739542086, stream)] Setting media-session-id: 8438a35daedf761b45fa83865a28739d for rtc-connection-id: 72f9995d-22d5-41bd-9511-57aadd1c86a7
[2026-09-15 21:05:55.662] [info]  [Connection(stream)] Selected encryption mode: aead_aes256_gcm_rtpsize
[2026-09-15 21:05:55.663] [info]  [RTCConnection(1549496502739542086, stream)] DAVE protocol init with protocol version: 1
[2026-09-15 21:05:55.668] [info]  [Connection(stream)] DAVE protocol state update: {"version":1,"epochAuthenticator":""}
[2026-09-15 21:05:55.669] [info]  [RTCConnection(1549496502739542086, stream)] Got MLS key package, sending to RTC server
[2026-09-15 21:05:55.669] [info]  [RTCControlSocket(stream)] Sending MLS key package
[2026-09-15 21:05:55.669] [info]  [RTCConnection(1549496502739542086, stream)] Remote media sink wants: {"pixelCounts":{"70428":0},"any":100}
[2026-09-15 21:05:55.670] [info]  [RTCConnection(1549496502739542086, stream)] Received MLS external sender package
[2026-09-15 21:05:55.671] [info]  [RTCConnection(1549496502739542086, stream)] Received MLS proposals
[2026-09-15 21:05:55.675] [info]  [RTCConnection(1549496502739542086, stream)] Sending MLS commit welcome message
[2026-09-15 21:05:55.675] [info]  [RTCControlSocket(stream)] Sending MLS commit + welcome message
[2026-09-15 21:05:55.697] [info]  [RTCConnection(1549496502739542086, stream)] Received MLS commit for transition ID 0
[2026-09-15 21:05:55.699] [info]  [Connection(stream)] DAVE protocol state update: {"version":1,"epochAuthenticator":"V2/chL2k2LLpT7aNOGmjztwA3dIis4BV7lOsdQQKck8="}
[2026-09-15 21:05:55.885] [info]  [DirectVideo] create video element for 5, readyState=0
[2026-09-15 21:05:55.887] [info]  [DirectVideo] attaching srcObject for 5
[2026-09-15 21:05:55.889] [info]  Subscribing to direct frames for streamId 5
[2026-09-15 21:05:56.135] [info]  [DirectVideo] handleReady for 5, have onReady callback = true
[2026-09-15 21:05:56.147] [info]  [VideoStream] spinner visible for 257 ms
      [remote_stream, count for stream: 1]
[2026-09-15 21:05:56.642] [info]  [RTCConnection(1549496502739542086, stream)] Go Live Media sink wants: {"70425":100,"pixelCounts":{"70425":1041917}}
[2026-09-15 21:05:57.155] [info]  [InputWatcher] Silence: false
[2026-09-15 21:05:58.397] [info]  [RTCConnection(1549496502739542086, stream)] Go Live Media sink wants: {"70425":100,"pixelCounts":{"70425":2747987}}
[2026-09-15 21:05:59.669] [info]  [StreamTile] Stream Tile State - activeStream: true | selected: false | Video: true | MediaEngine: true
[2026-09-15 21:05:59.670] [info]  [StreamTile] Stream Tile State - activeStream: true | selected: true | Video: true | MediaEngine: true
[2026-09-15 21:06:02.657] [info]  [RTCControlSocket(default)] Sending heartbeat with last received sequence number: 7
[2026-09-15 21:06:02.673] [info]  [RTCControlSocket(default)] Heartbeat ACK received
[2026-09-15 21:06:09.292] [info]  [RTCControlSocket(stream)] Sending heartbeat with last received sequence number: 8
[2026-09-15 21:06:09.309] [info]  [RTCControlSocket(stream)] Heartbeat ACK received
[2026-09-15 21:06:10.651] [info]  [ConnectionEventFramerateReducer] BaseConnection.userSpeakingChange: Reduced framerate after 15000 ms.
[2026-09-15 21:06:16.418] [info]  [RTCControlSocket(default)] Sending heartbeat with last received sequence number: 7
[2026-09-15 21:06:16.439] [info]  [RTCControlSocket(default)] Heartbeat ACK received
[2026-09-15 21:06:23.042] [info]  [RTCControlSocket(stream)] Sending heartbeat with last received sequence number: 8
[2026-09-15 21:06:23.056] [info]  [RTCControlSocket(stream)] Heartbeat ACK received
[2026-09-15 21:06:30.157] [info]  [RTCControlSocket(default)] Sending heartbeat with last received sequence number: 7
[2026-09-15 21:06:30.172] [info]  [RTCControlSocket(default)] Heartbeat ACK received
[2026-09-15 21:06:36.792] [info]  [RTCControlSocket(stream)] Sending heartbeat with last received sequence number: 8
[2026-09-15 21:06:36.807] [info]  [RTCControlSocket(stream)] Heartbeat ACK received
[2026-09-15 21:06:39.930] [info]  [ConnectionEventFramerateReducer] BaseConnection.userSpeakingChange: Reduced framerate after 15000 ms.
[2026-09-15 21:06:43.906] [info]  [RTCControlSocket(default)] Sending heartbeat with last received sequence number: 7
[2026-09-15 21:06:43.919] [info]  [RTCControlSocket(default)] Heartbeat ACK received
[2026-09-15 21:06:50.542] [info]  [RTCControlSocket(stream)] Sending heartbeat with last received sequence number: 8
[2026-09-15 21:06:50.557] [info]  [RTCControlSocket(stream)] Heartbeat ACK received
[2026-09-15 21:06:57.657] [info]  [RTCControlSocket(default)] Sending heartbeat with last received sequence number: 7
[2026-09-15 21:06:57.673] [info]  [RTCControlSocket(default)] Heartbeat ACK received
[2026-09-15 21:07:04.292] [info]  [RTCControlSocket(stream)] Sending heartbeat with last received sequence number: 8
[2026-09-15 21:07:04.308] [info]  [RTCControlSocket(stream)] Heartbeat ACK received
[2026-09-15 21:07:08.464] [info]  [RTCConnection(1549496308446929060, default)] Updating channel: 1549496308446929060(1)
[2026-09-15 21:07:08.606] [info]  [DirectVideo] create video element for 6, readyState=0
[2026-09-15 21:07:08.608] [info]  [DirectVideo] attaching srcObject for 6
[2026-09-15 21:07:08.610] [info]  Subscribing to direct frames for streamId 6
[2026-09-15 21:07:08.622] [info]  [RTCConnection(1549496308446929060, default)] Remote media sink wants: {"any":100}
[2026-09-15 21:07:08.633] [info]  [RTCConnection(1549496308446929060, default)] Remote media sink wants: {"67871":0,"any":100}
[2026-09-15 21:07:08.735] [info]  [DirectVideo] handleReady for 6, have onReady callback = true
[2026-09-15 21:07:08.736] [info]  [VideoStream] spinner visible for 126 ms
      [self_video, count for stream: 1]
[2026-09-15 21:07:11.406] [info]  [RTCControlSocket(default)] Sending heartbeat with last received sequence number: 9
[2026-09-15 21:07:11.421] [info]  [RTCControlSocket(default)] Heartbeat ACK received
[2026-09-15 21:07:18.042] [info]  [RTCControlSocket(stream)] Sending heartbeat with last received sequence number: 8
[2026-09-15 21:07:18.058] [info]  [RTCControlSocket(stream)] Heartbeat ACK received
[2026-09-15 21:07:25.156] [info]  [RTCControlSocket(default)] Sending heartbeat with last received sequence number: 9
[2026-09-15 21:07:25.173] [info]  [RTCControlSocket(default)] Heartbeat ACK received
[2026-09-15 21:07:31.792] [info]  [RTCControlSocket(stream)] Sending heartbeat with last received sequence number: 8
[2026-09-15 21:07:31.805] [info]  [RTCControlSocket(stream)] Heartbeat ACK received
[2026-09-15 21:07:38.907] [info]  [RTCControlSocket(default)] Sending heartbeat with last received sequence number: 9
[2026-09-15 21:07:38.927] [info]  [RTCControlSocket(default)] Heartbeat ACK received
[2026-09-15 21:07:45.542] [info]  [RTCControlSocket(stream)] Sending heartbeat with last received sequence number: 8
[2026-09-15 21:07:45.559] [info]  [RTCControlSocket(stream)] Heartbeat ACK received
[2026-09-15 21:07:52.656] [info]  [RTCControlSocket(default)] Sending heartbeat with last received sequence number: 9
[2026-09-15 21:07:52.671] [info]  [RTCControlSocket(default)] Heartbeat ACK received
[2026-09-15 21:07:59.292] [info]  [RTCControlSocket(stream)] Sending heartbeat with last received sequence number: 8
[2026-09-15 21:07:59.310] [info]  [RTCControlSocket(stream)] Heartbeat ACK received
[2026-09-15 21:08:06.406] [info]  [RTCControlSocket(default)] Sending heartbeat with last received sequence number: 9
[2026-09-15 21:08:06.420] [info]  [RTCControlSocket(default)] Heartbeat ACK received
[2026-09-15 21:08:13.042] [info]  [RTCControlSocket(stream)] Sending heartbeat with last received sequence number: 8
[2026-09-15 21:08:13.058] [info]  [RTCControlSocket(stream)] Heartbeat ACK received
[2026-09-15 21:08:20.156] [info]  [RTCControlSocket(default)] Sending heartbeat with last received sequence number: 9
[2026-09-15 21:08:20.172] [info]  [RTCControlSocket(default)] Heartbeat ACK received
[2026-09-15 21:08:26.792] [info]  [RTCControlSocket(stream)] Sending heartbeat with last received sequence number: 8
[2026-09-15 21:08:26.807] [info]  [RTCControlSocket(stream)] Heartbeat ACK received
[2026-09-15 21:08:33.907] [info]  [RTCControlSocket(default)] Sending heartbeat with last received sequence number: 9
[2026-09-15 21:08:33.920] [info]  [RTCControlSocket(default)] Heartbeat ACK received
[2026-09-15 21:08:40.542] [info]  [RTCControlSocket(stream)] Sending heartbeat with last received sequence number: 8
[2026-09-15 21:08:40.556] [info]  [RTCControlSocket(stream)] Heartbeat ACK received
[2026-09-15 21:08:47.657] [info]  [RTCControlSocket(default)] Sending heartbeat with last received sequence number: 9
[2026-09-15 21:08:47.672] [info]  [RTCControlSocket(default)] Heartbeat ACK received
[2026-09-15 21:08:52.707] [info]  [DirectVideo] create video element for 6, readyState=0
[2026-09-15 21:08:52.759] [info]  Unsubscribing from direct frames for streamId 6
[2026-09-15 21:08:52.762] [info]  [DirectVideo] attaching srcObject for 6
[2026-09-15 21:08:52.763] [info]  Subscribing to direct frames for streamId 6
[2026-09-15 21:08:53.281] [info]  [DirectVideo] handleReady for 6, have onReady callback = true
[2026-09-15 21:08:53.299] [info]  [VideoStream] spinner visible for 535 ms
      [self_video, count for stream: 2]
[2026-09-15 21:08:53.756] [info]  [RTCConnection(1549496502739542086, stream)] Go Live Media sink wants: {"70425":100,"pixelCounts":{"70425":614698}}
[2026-09-15 21:08:54.302] [info]  [RTCControlSocket(stream)] Sending heartbeat with last received sequence number: 8
[2026-09-15 21:08:54.316] [info]  [RTCControlSocket(stream)] Heartbeat ACK received
[2026-09-15 21:08:56.285] [info]  Unsubscribing from direct frames for streamId 6
[2026-09-15 21:08:56.287] [info]  [DirectVideo] attaching srcObject for 6
[2026-09-15 21:08:56.288] [info]  Subscribing to direct frames for streamId 6
[2026-09-15 21:08:56.309] [info]  Unsubscribing from direct frames for streamId 6
[2026-09-15 21:08:56.557] [info]  [DirectVideo] attaching srcObject for 6
[2026-09-15 21:08:56.558] [info]  Subscribing to direct frames for streamId 6
[2026-09-15 21:08:56.588] [info]  [DirectVideo] handleReady for 6, have onReady callback = true
[2026-09-15 21:08:57.070] [info]  [RTCConnection(1549496502739542086, stream)] Go Live Media sink wants: {"70425":100,"pixelCounts":{"70425":2747987}}
[2026-09-15 21:09:01.407] [info]  [RTCControlSocket(default)] Sending heartbeat with last received sequence number: 9
[2026-09-15 21:09:01.420] [info]  [RTCControlSocket(default)] Heartbeat ACK received
[2026-09-15 21:09:03.988] [info]  [ConnectionEventFramerateReducer] BaseConnection.userSpeakingChange: Reduced framerate after 15000 ms.
[2026-09-15 21:09:08.042] [info]  [RTCControlSocket(stream)] Sending heartbeat with last received sequence number: 8
[2026-09-15 21:09:08.057] [info]  [RTCControlSocket(stream)] Heartbeat ACK received
[2026-09-15 21:09:15.163] [info]  [RTCControlSocket(default)] Sending heartbeat with last received sequence number: 9
[2026-09-15 21:09:15.178] [info]  [RTCControlSocket(default)] Heartbeat ACK received
[2026-09-15 21:09:21.792] [info]  [RTCControlSocket(stream)] Sending heartbeat with last received sequence number: 8
[2026-09-15 21:09:21.806] [info]  [RTCControlSocket(stream)] Heartbeat ACK received
[2026-09-15 21:09:28.907] [info]  [RTCControlSocket(default)] Sending heartbeat with last received sequence number: 9
[2026-09-15 21:09:28.925] [info]  [RTCControlSocket(default)] Heartbeat ACK received
[2026-09-15 21:09:35.542] [info]  [RTCControlSocket(stream)] Sending heartbeat with last received sequence number: 8
[2026-09-15 21:09:35.596] [info]  [RTCControlSocket(stream)] Heartbeat ACK received
[2026-09-15 21:09:42.657] [info]  [RTCControlSocket(default)] Sending heartbeat with last received sequence number: 9
[2026-09-15 21:09:42.674] [info]  [RTCControlSocket(default)] Heartbeat ACK received
[2026-09-15 21:09:49.292] [info]  [RTCControlSocket(stream)] Sending heartbeat with last received sequence number: 8
[2026-09-15 21:09:49.305] [info]  [RTCControlSocket(stream)] Heartbeat ACK received
[2026-09-15 21:09:56.406] [info]  [RTCControlSocket(default)] Sending heartbeat with last received sequence number: 9
[2026-09-15 21:09:56.420] [info]  [RTCControlSocket(default)] Heartbeat ACK received
[2026-09-15 21:10:03.042] [info]  [RTCControlSocket(stream)] Sending heartbeat with last received sequence number: 8
[2026-09-15 21:10:03.057] [info]  [RTCControlSocket(stream)] Heartbeat ACK received
[2026-09-15 21:10:10.156] [info]  [RTCControlSocket(default)] Sending heartbeat with last received sequence number: 9
[2026-09-15 21:10:10.172] [info]  [RTCControlSocket(default)] Heartbeat ACK received
[2026-09-15 21:10:16.791] [info]  [RTCControlSocket(stream)] Sending heartbeat with last received sequence number: 8
[2026-09-15 21:10:16.805] [info]  [RTCControlSocket(stream)] Heartbeat ACK received
[2026-09-15 21:10:23.907] [info]  [RTCControlSocket(default)] Sending heartbeat with last received sequence number: 9
[2026-09-15 21:10:23.927] [info]  [RTCControlSocket(default)] Heartbeat ACK received
[2026-09-15 21:10:30.541] [info]  [RTCControlSocket(stream)] Sending heartbeat with last received sequence number: 8
[2026-09-15 21:10:30.554] [info]  [RTCControlSocket(stream)] Heartbeat ACK received
[2026-09-15 21:10:37.657] [info]  [RTCControlSocket(default)] Sending heartbeat with last received sequence number: 9
[2026-09-15 21:10:37.674] [info]  [RTCControlSocket(default)] Heartbeat ACK received
[2026-09-15 21:10:44.292] [info]  [RTCControlSocket(stream)] Sending heartbeat with last received sequence number: 8
[2026-09-15 21:10:44.305] [info]  [RTCControlSocket(stream)] Heartbeat ACK received
[2026-09-15 21:10:51.406] [info]  [RTCControlSocket(default)] Sending heartbeat with last received sequence number: 9
[2026-09-15 21:10:51.422] [info]  [RTCControlSocket(default)] Heartbeat ACK received
[2026-09-15 21:10:58.042] [info]  [RTCControlSocket(stream)] Sending heartbeat with last received sequence number: 8
[2026-09-15 21:10:58.061] [info]  [RTCControlSocket(stream)] Heartbeat ACK received
[2026-09-15 21:11:05.157] [info]  [RTCControlSocket(default)] Sending heartbeat with last received sequence number: 9
[2026-09-15 21:11:05.170] [info]  [RTCControlSocket(default)] Heartbeat ACK received
[2026-09-15 21:11:11.792] [info]  [RTCControlSocket(stream)] Sending heartbeat with last received sequence number: 8
[2026-09-15 21:11:11.807] [info]  [RTCControlSocket(stream)] Heartbeat ACK received
[2026-09-15 21:11:18.907] [info]  [RTCControlSocket(default)] Sending heartbeat with last received sequence number: 9
[2026-09-15 21:11:18.919] [info]  [RTCControlSocket(default)] Heartbeat ACK received
[2026-09-15 21:11:25.542] [info]  [RTCControlSocket(stream)] Sending heartbeat with last received sequence number: 8
[2026-09-15 21:11:25.556] [info]  [RTCControlSocket(stream)] Heartbeat ACK received
[2026-09-15 21:11:32.657] [info]  [RTCControlSocket(default)] Sending heartbeat with last received sequence number: 9
[2026-09-15 21:11:32.672] [info]  [RTCControlSocket(default)] Heartbeat ACK received
[2026-09-15 21:11:39.292] [info]  [RTCControlSocket(stream)] Sending heartbeat with last received sequence number: 8
[2026-09-15 21:11:39.305] [info]  [RTCControlSocket(stream)] Heartbeat ACK received
[2026-09-15 21:11:46.407] [info]  [RTCControlSocket(default)] Sending heartbeat with last received sequence number: 9
[2026-09-15 21:11:46.423] [info]  [RTCControlSocket(default)] Heartbeat ACK received
[2026-09-15 21:11:53.042] [info]  [RTCControlSocket(stream)] Sending heartbeat with last received sequence number: 8
[2026-09-15 21:11:53.057] [info]  [RTCControlSocket(stream)] Heartbeat ACK received
[2026-09-15 21:12:00.156] [info]  [RTCControlSocket(default)] Sending heartbeat with last received sequence number: 9
[2026-09-15 21:12:00.174] [info]  [RTCControlSocket(default)] Heartbeat ACK received
[2026-09-15 21:12:06.792] [info]  [RTCControlSocket(stream)] Sending heartbeat with last received sequence number: 8
[2026-09-15 21:12:06.806] [info]  [RTCControlSocket(stream)] Heartbeat ACK received
[2026-09-15 21:12:13.907] [info]  [RTCControlSocket(default)] Sending heartbeat with last received sequence number: 9
[2026-09-15 21:12:13.924] [info]  [RTCControlSocket(default)] Heartbeat ACK received
[2026-09-15 21:12:20.542] [info]  [RTCControlSocket(stream)] Sending heartbeat with last received sequence number: 8
[2026-09-15 21:12:20.557] [info]  [RTCControlSocket(stream)] Heartbeat ACK received
[2026-09-15 21:12:27.657] [info]  [RTCControlSocket(default)] Sending heartbeat with last received sequence number: 9
[2026-09-15 21:12:27.678] [info]  [RTCControlSocket(default)] Heartbeat ACK received
[2026-09-15 21:12:34.292] [info]  [RTCControlSocket(stream)] Sending heartbeat with last received sequence number: 8
[2026-09-15 21:12:34.307] [info]  [RTCControlSocket(stream)] Heartbeat ACK received
[2026-09-15 21:12:41.407] [info]  [RTCControlSocket(default)] Sending heartbeat with last received sequence number: 9
[2026-09-15 21:12:41.437] [info]  [RTCControlSocket(default)] Heartbeat ACK received
[2026-09-15 21:12:48.042] [info]  [RTCControlSocket(stream)] Sending heartbeat with last received sequence number: 8
[2026-09-15 21:12:48.058] [info]  [RTCControlSocket(stream)] Heartbeat ACK received
[2026-09-15 21:12:55.157] [info]  [RTCControlSocket(default)] Sending heartbeat with last received sequence number: 9
[2026-09-15 21:12:55.172] [info]  [RTCControlSocket(default)] Heartbeat ACK received
[2026-09-15 21:13:01.792] [info]  [RTCControlSocket(stream)] Sending heartbeat with last received sequence number: 8
[2026-09-15 21:13:01.807] [info]  [RTCControlSocket(stream)] Heartbeat ACK received
[2026-09-15 21:13:08.907] [info]  [RTCControlSocket(default)] Sending heartbeat with last received sequence number: 9
[2026-09-15 21:13:08.920] [info]  [RTCControlSocket(default)] Heartbeat ACK received
[2026-09-15 21:13:15.542] [info]  [RTCControlSocket(stream)] Sending heartbeat with last received sequence number: 8
[2026-09-15 21:13:15.556] [info]  [RTCControlSocket(stream)] Heartbeat ACK received
[2026-09-15 21:13:22.657] [info]  [RTCControlSocket(default)] Sending heartbeat with last received sequence number: 9
[2026-09-15 21:13:22.670] [info]  [RTCControlSocket(default)] Heartbeat ACK received
[2026-09-15 21:13:29.292] [info]  [RTCControlSocket(stream)] Sending heartbeat with last received sequence number: 8
[2026-09-15 21:13:29.306] [info]  [RTCControlSocket(stream)] Heartbeat ACK received
[2026-09-15 21:13:36.407] [info]  [RTCControlSocket(default)] Sending heartbeat with last received sequence number: 9
[2026-09-15 21:13:36.423] [info]  [RTCControlSocket(default)] Heartbeat ACK received
[2026-09-15 21:13:43.042] [info]  [RTCControlSocket(stream)] Sending heartbeat with last received sequence number: 8
[2026-09-15 21:13:43.062] [info]  [RTCControlSocket(stream)] Heartbeat ACK received
[2026-09-15 21:13:50.157] [info]  [RTCControlSocket(default)] Sending heartbeat with last received sequence number: 9
[2026-09-15 21:13:50.174] [info]  [RTCControlSocket(default)] Heartbeat ACK received
[2026-09-15 21:13:56.792] [info]  [RTCControlSocket(stream)] Sending heartbeat with last received sequence number: 8
[2026-09-15 21:13:56.808] [info]  [RTCControlSocket(stream)] Heartbeat ACK received
[2026-09-15 21:14:03.907] [info]  [RTCControlSocket(default)] Sending heartbeat with last received sequence number: 9
[2026-09-15 21:14:03.920] [info]  [RTCControlSocket(default)] Heartbeat ACK received
[2026-09-15 21:14:10.542] [info]  [RTCControlSocket(stream)] Sending heartbeat with last received sequence number: 8
[2026-09-15 21:14:10.560] [info]  [RTCControlSocket(stream)] Heartbeat ACK received
[2026-09-15 21:14:17.657] [info]  [RTCControlSocket(default)] Sending heartbeat with last received sequence number: 9
[2026-09-15 21:14:17.670] [info]  [RTCControlSocket(default)] Heartbeat ACK received
[2026-09-15 21:14:24.292] [info]  [RTCControlSocket(stream)] Sending heartbeat with last received sequence number: 8
[2026-09-15 21:14:24.310] [info]  [RTCControlSocket(stream)] Heartbeat ACK received
[2026-09-15 21:14:31.407] [info]  [RTCControlSocket(default)] Sending heartbeat with last received sequence number: 9
[2026-09-15 21:14:31.425] [info]  [RTCControlSocket(default)] Heartbeat ACK received
[2026-09-15 21:14:38.042] [info]  [RTCControlSocket(stream)] Sending heartbeat with last received sequence number: 8
[2026-09-15 21:14:38.059] [info]  [RTCControlSocket(stream)] Heartbeat ACK received
[2026-09-15 21:14:45.157] [info]  [RTCControlSocket(default)] Sending heartbeat with last received sequence number: 9
[2026-09-15 21:14:45.174] [info]  [RTCControlSocket(default)] Heartbeat ACK received
[2026-09-15 21:14:51.791] [info]  [RTCControlSocket(stream)] Sending heartbeat with last received sequence number: 8
[2026-09-15 21:14:51.805] [info]  [RTCControlSocket(stream)] Heartbeat ACK received
[2026-09-15 21:14:58.906] [info]  [RTCControlSocket(default)] Sending heartbeat with last received sequence number: 9
[2026-09-15 21:14:58.921] [info]  [RTCControlSocket(default)] Heartbeat ACK received
[2026-09-15 21:15:05.541] [info]  [RTCControlSocket(stream)] Sending heartbeat with last received sequence number: 8
[2026-09-15 21:15:05.563] [info]  [RTCControlSocket(stream)] Heartbeat ACK received
[2026-09-15 21:15:12.667] [info]  [RTCControlSocket(default)] Sending heartbeat with last received sequence number: 9
[2026-09-15 21:15:12.682] [info]  [RTCControlSocket(default)] Heartbeat ACK received
[2026-09-15 21:15:19.292] [info]  [RTCControlSocket(stream)] Sending heartbeat with last received sequence number: 8
[2026-09-15 21:15:19.308] [info]  [RTCControlSocket(stream)] Heartbeat ACK received
[2026-09-15 21:15:26.407] [info]  [RTCControlSocket(default)] Sending heartbeat with last received sequence number: 9
[2026-09-15 21:15:26.423] [info]  [RTCControlSocket(default)] Heartbeat ACK received
[2026-09-15 21:15:33.051] [info]  [RTCControlSocket(stream)] Sending heartbeat with last received sequence number: 8
[2026-09-15 21:15:33.073] [info]  [RTCControlSocket(stream)] Heartbeat ACK received
[2026-09-15 21:15:40.156] [info]  [RTCControlSocket(default)] Sending heartbeat with last received sequence number: 9
[2026-09-15 21:15:40.174] [info]  [RTCControlSocket(default)] Heartbeat ACK received
[2026-09-15 21:15:46.791] [info]  [RTCControlSocket(stream)] Sending heartbeat with last received sequence number: 8
[2026-09-15 21:15:46.808] [info]  [RTCControlSocket(stream)] Heartbeat ACK received
[2026-09-15 21:15:53.906] [info]  [RTCControlSocket(default)] Sending heartbeat with last received sequence number: 9
[2026-09-15 21:15:53.950] [info]  [RTCControlSocket(default)] Heartbeat ACK received
[2026-09-15 21:16:00.542] [info]  [RTCControlSocket(stream)] Sending heartbeat with last received sequence number: 8
[2026-09-15 21:16:00.554] [info]  [RTCControlSocket(stream)] Heartbeat ACK received
[2026-09-15 21:16:07.657] [info]  [RTCControlSocket(default)] Sending heartbeat with last received sequence number: 9
[2026-09-15 21:16:07.678] [info]  [RTCControlSocket(default)] Heartbeat ACK received
[2026-09-15 21:16:14.292] [info]  [RTCControlSocket(stream)] Sending heartbeat with last received sequence number: 8
[2026-09-15 21:16:14.306] [info]  [RTCControlSocket(stream)] Heartbeat ACK received
[2026-09-15 21:16:21.407] [info]  [RTCControlSocket(default)] Sending heartbeat with last received sequence number: 9
[2026-09-15 21:16:21.422] [info]  [RTCControlSocket(default)] Heartbeat ACK received
[2026-09-15 21:16:28.042] [info]  [RTCControlSocket(stream)] Sending heartbeat with last received sequence number: 8
[2026-09-15 21:16:28.060] [info]  [RTCControlSocket(stream)] Heartbeat ACK received
[2026-09-15 21:16:35.157] [info]  [RTCControlSocket(default)] Sending heartbeat with last received sequence number: 9
[2026-09-15 21:16:35.176] [info]  [RTCControlSocket(default)] Heartbeat ACK received
[2026-09-15 21:16:41.792] [info]  [RTCControlSocket(stream)] Sending heartbeat with last received sequence number: 8
[2026-09-15 21:16:41.808] [info]  [RTCControlSocket(stream)] Heartbeat ACK received
[2026-09-15 21:16:48.906] [info]  [RTCControlSocket(default)] Sending heartbeat with last received sequence number: 9
[2026-09-15 21:16:48.920] [info]  [RTCControlSocket(default)] Heartbeat ACK received
[2026-09-15 21:16:55.542] [info]  [RTCControlSocket(stream)] Sending heartbeat with last received sequence number: 8
[2026-09-15 21:16:55.583] [info]  [RTCControlSocket(stream)] Heartbeat ACK received
[2026-09-15 21:17:02.656] [info]  [RTCControlSocket(default)] Sending heartbeat with last received sequence number: 9
[2026-09-15 21:17:02.671] [info]  [RTCControlSocket(default)] Heartbeat ACK received
[2026-09-15 21:17:09.292] [info]  [RTCControlSocket(stream)] Sending heartbeat with last received sequence number: 8
[2026-09-15 21:17:09.307] [info]  [RTCControlSocket(stream)] Heartbeat ACK received
[2026-09-15 21:17:16.407] [info]  [RTCControlSocket(default)] Sending heartbeat with last received sequence number: 9
[2026-09-15 21:17:16.426] [info]  [RTCControlSocket(default)] Heartbeat ACK received
[2026-09-15 21:17:23.042] [info]  [RTCControlSocket(stream)] Sending heartbeat with last received sequence number: 8
[2026-09-15 21:17:23.055] [info]  [RTCControlSocket(stream)] Heartbeat ACK received
[2026-09-15 21:17:30.156] [info]  [RTCControlSocket(default)] Sending heartbeat with last received sequence number: 9
[2026-09-15 21:17:30.174] [info]  [RTCControlSocket(default)] Heartbeat ACK received
[2026-09-15 21:17:36.792] [info]  [RTCControlSocket(stream)] Sending heartbeat with last received sequence number: 8
[2026-09-15 21:17:36.805] [info]  [RTCControlSocket(stream)] Heartbeat ACK received
[2026-09-15 21:17:43.907] [info]  [RTCControlSocket(default)] Sending heartbeat with last received sequence number: 9
[2026-09-15 21:17:43.924] [info]  [RTCControlSocket(default)] Heartbeat ACK received
[2026-09-15 21:17:50.542] [info]  [RTCControlSocket(stream)] Sending heartbeat with last received sequence number: 8
[2026-09-15 21:17:50.557] [info]  [RTCControlSocket(stream)] Heartbeat ACK received
[2026-09-15 21:17:57.666] [info]  [RTCControlSocket(default)] Sending heartbeat with last received sequence number: 9
[2026-09-15 21:17:57.684] [info]  [RTCControlSocket(default)] Heartbeat ACK received
[2026-09-15 21:18:04.292] [info]  [RTCControlSocket(stream)] Sending heartbeat with last received sequence number: 8
[2026-09-15 21:18:04.311] [info]  [RTCControlSocket(stream)] Heartbeat ACK received
[2026-09-15 21:18:11.407] [info]  [RTCControlSocket(default)] Sending heartbeat with last received sequence number: 9
[2026-09-15 21:18:11.421] [info]  [RTCControlSocket(default)] Heartbeat ACK received
[2026-09-15 21:18:18.042] [info]  [RTCControlSocket(stream)] Sending heartbeat with last received sequence number: 8
[2026-09-15 21:18:18.088] [info]  [RTCControlSocket(stream)] Heartbeat ACK received
[2026-09-15 21:18:25.157] [info]  [RTCControlSocket(default)] Sending heartbeat with last received sequence number: 9
[2026-09-15 21:18:25.172] [info]  [RTCControlSocket(default)] Heartbeat ACK received
[2026-09-15 21:18:31.792] [info]  [RTCControlSocket(stream)] Sending heartbeat with last received sequence number: 8
[2026-09-15 21:18:31.821] [info]  [RTCControlSocket(stream)] Heartbeat ACK received
[2026-09-15 21:18:38.907] [info]  [RTCControlSocket(default)] Sending heartbeat with last received sequence number: 9
[2026-09-15 21:18:38.929] [info]  [RTCControlSocket(default)] Heartbeat ACK received
[2026-09-15 21:18:45.544] [info]  [RTCControlSocket(stream)] Sending heartbeat with last received sequence number: 8
[2026-09-15 21:18:45.557] [info]  [RTCControlSocket(stream)] Heartbeat ACK received
[2026-09-15 21:18:52.656] [info]  [RTCControlSocket(default)] Sending heartbeat with last received sequence number: 9
[2026-09-15 21:18:52.671] [info]  [RTCControlSocket(default)] Heartbeat ACK received
[2026-09-15 21:18:59.292] [info]  [RTCControlSocket(stream)] Sending heartbeat with last received sequence number: 8
[2026-09-15 21:18:59.306] [info]  [RTCControlSocket(stream)] Heartbeat ACK received
[2026-09-15 21:19:06.407] [info]  [RTCControlSocket(default)] Sending heartbeat with last received sequence number: 9
[2026-09-15 21:19:06.422] [info]  [RTCControlSocket(default)] Heartbeat ACK received
[2026-09-15 21:19:13.042] [info]  [RTCControlSocket(stream)] Sending heartbeat with last received sequence number: 8
[2026-09-15 21:19:13.055] [info]  [RTCControlSocket(stream)] Heartbeat ACK received
[2026-09-15 21:19:20.157] [info]  [RTCControlSocket(default)] Sending heartbeat with last received sequence number: 9
[2026-09-15 21:19:20.170] [info]  [RTCControlSocket(default)] Heartbeat ACK received
[2026-09-15 21:19:26.792] [info]  [RTCControlSocket(stream)] Sending heartbeat with last received sequence number: 8
[2026-09-15 21:19:26.807] [info]  [RTCControlSocket(stream)] Heartbeat ACK received
[2026-09-15 21:19:27.055] [info]  [ConnectionEventFramerateReducer] BaseConnection.userSpeakingChange: Reduced framerate after 15000 ms.
[2026-09-15 21:19:33.906] [info]  [RTCControlSocket(default)] Sending heartbeat with last received sequence number: 9
[2026-09-15 21:19:33.920] [info]  [RTCControlSocket(default)] Heartbeat ACK received
[2026-09-15 21:19:40.542] [info]  [RTCControlSocket(stream)] Sending heartbeat with last received sequence number: 8
[2026-09-15 21:19:40.562] [info]  [RTCControlSocket(stream)] Heartbeat ACK received
[2026-09-15 21:19:47.656] [info]  [RTCControlSocket(default)] Sending heartbeat with last received sequence number: 9
[2026-09-15 21:19:47.671] [info]  [RTCControlSocket(default)] Heartbeat ACK received
[2026-09-15 21:19:54.292] [info]  [RTCControlSocket(stream)] Sending heartbeat with last received sequence number: 8
[2026-09-15 21:19:54.312] [info]  [RTCControlSocket(stream)] Heartbeat ACK received
[2026-09-15 21:20:01.407] [info]  [RTCControlSocket(default)] Sending heartbeat with last received sequence number: 9
[2026-09-15 21:20:01.429] [info]  [RTCControlSocket(default)] Heartbeat ACK received
[2026-09-15 21:20:08.042] [info]  [RTCControlSocket(stream)] Sending heartbeat with last received sequence number: 8
[2026-09-15 21:20:08.054] [info]  [RTCControlSocket(stream)] Heartbeat ACK received
[2026-09-15 21:20:15.157] [info]  [RTCControlSocket(default)] Sending heartbeat with last received sequence number: 9
[2026-09-15 21:20:15.173] [info]  [RTCControlSocket(default)] Heartbeat ACK received
[2026-09-15 21:20:21.792] [info]  [RTCControlSocket(stream)] Sending heartbeat with last received sequence number: 8
[2026-09-15 21:20:21.805] [info]  [RTCControlSocket(stream)] Heartbeat ACK received
[2026-09-15 21:20:28.906] [info]  [RTCControlSocket(default)] Sending heartbeat with last received sequence number: 9
[2026-09-15 21:20:28.921] [info]  [RTCControlSocket(default)] Heartbeat ACK received
[2026-09-15 21:20:35.542] [info]  [RTCControlSocket(stream)] Sending heartbeat with last received sequence number: 8
[2026-09-15 21:20:35.554] [info]  [RTCControlSocket(stream)] Heartbeat ACK received
[2026-09-15 21:20:42.657] [info]  [RTCControlSocket(default)] Sending heartbeat with last received sequence number: 9
[2026-09-15 21:20:42.670] [info]  [RTCControlSocket(default)] Heartbeat ACK received
[2026-09-15 21:20:49.292] [info]  [RTCControlSocket(stream)] Sending heartbeat with last received sequence number: 8
[2026-09-15 21:20:49.314] [info]  [RTCControlSocket(stream)] Heartbeat ACK received
[2026-09-15 21:20:56.407] [info]  [RTCControlSocket(default)] Sending heartbeat with last received sequence number: 9
[2026-09-15 21:20:56.425] [info]  [RTCControlSocket(default)] Heartbeat ACK received
[2026-09-15 21:21:03.042] [info]  [RTCControlSocket(stream)] Sending heartbeat with last received sequence number: 8
[2026-09-15 21:21:03.058] [info]  [RTCControlSocket(stream)] Heartbeat ACK received
[2026-09-15 21:21:10.171] [info]  [RTCControlSocket(default)] Sending heartbeat with last received sequence number: 9
[2026-09-15 21:21:10.212] [info]  [RTCControlSocket(default)] Heartbeat ACK received
[2026-09-15 21:21:16.791] [info]  [RTCControlSocket(stream)] Sending heartbeat with last received sequence number: 8
[2026-09-15 21:21:16.804] [info]  [RTCControlSocket(stream)] Heartbeat ACK received
[2026-09-15 21:21:23.917] [info]  [RTCControlSocket(default)] Sending heartbeat with last received sequence number: 9
[2026-09-15 21:21:23.931] [info]  [RTCControlSocket(default)] Heartbeat ACK received
[2026-09-15 21:21:30.542] [info]  [RTCControlSocket(stream)] Sending heartbeat with last received sequence number: 8
[2026-09-15 21:21:30.557] [info]  [RTCControlSocket(stream)] Heartbeat ACK received
[2026-09-15 21:21:37.657] [info]  [RTCControlSocket(default)] Sending heartbeat with last received sequence number: 9
[2026-09-15 21:21:37.680] [info]  [RTCControlSocket(default)] Heartbeat ACK received
[2026-09-15 21:21:44.292] [info]  [RTCControlSocket(stream)] Sending heartbeat with last received sequence number: 8
[2026-09-15 21:21:44.308] [info]  [RTCControlSocket(stream)] Heartbeat ACK received
[2026-09-15 21:21:51.407] [info]  [RTCControlSocket(default)] Sending heartbeat with last received sequence number: 9
[2026-09-15 21:21:51.427] [info]  [RTCControlSocket(default)] Heartbeat ACK received
[2026-09-15 21:21:58.042] [info]  [RTCControlSocket(stream)] Sending heartbeat with last received sequence number: 8
[2026-09-15 21:21:58.056] [info]  [RTCControlSocket(stream)] Heartbeat ACK received
[2026-09-15 21:22:05.157] [info]  [RTCControlSocket(default)] Sending heartbeat with last received sequence number: 9
[2026-09-15 21:22:05.175] [info]  [RTCControlSocket(default)] Heartbeat ACK received
[2026-09-15 21:22:11.791] [info]  [RTCControlSocket(stream)] Sending heartbeat with last received sequence number: 8
[2026-09-15 21:22:11.813] [info]  [RTCControlSocket(stream)] Heartbeat ACK received
[2026-09-15 21:22:18.906] [info]  [RTCControlSocket(default)] Sending heartbeat with last received sequence number: 9
[2026-09-15 21:22:18.920] [info]  [RTCControlSocket(default)] Heartbeat ACK received
[2026-09-15 21:22:25.542] [info]  [RTCControlSocket(stream)] Sending heartbeat with last received sequence number: 8
[2026-09-15 21:22:25.556] [info]  [RTCControlSocket(stream)] Heartbeat ACK received
[2026-09-15 21:22:32.657] [info]  [RTCControlSocket(default)] Sending heartbeat with last received sequence number: 9
[2026-09-15 21:22:32.671] [info]  [RTCControlSocket(default)] Heartbeat ACK received
[2026-09-15 21:22:39.292] [info]  [RTCControlSocket(stream)] Sending heartbeat with last received sequence number: 8
[2026-09-15 21:22:39.306] [info]  [RTCControlSocket(stream)] Heartbeat ACK received
[2026-09-15 21:22:46.407] [info]  [RTCControlSocket(default)] Sending heartbeat with last received sequence number: 9
[2026-09-15 21:22:46.420] [info]  [RTCControlSocket(default)] Heartbeat ACK received
[2026-09-15 21:22:53.042] [info]  [RTCControlSocket(stream)] Sending heartbeat with last received sequence number: 8
[2026-09-15 21:22:53.055] [info]  [RTCControlSocket(stream)] Heartbeat ACK received
[2026-09-15 21:23:00.157] [info]  [RTCControlSocket(default)] Sending heartbeat with last received sequence number: 9
[2026-09-15 21:23:00.171] [info]  [RTCControlSocket(default)] Heartbeat ACK received
[2026-09-15 21:23:06.792] [info]  [RTCControlSocket(stream)] Sending heartbeat with last received sequence number: 8
[2026-09-15 21:23:06.805] [info]  [RTCControlSocket(stream)] Heartbeat ACK received
[2026-09-15 21:23:13.907] [info]  [RTCControlSocket(default)] Sending heartbeat with last received sequence number: 9
[2026-09-15 21:23:13.920] [info]  [RTCControlSocket(default)] Heartbeat ACK received
[2026-09-15 21:23:20.542] [info]  [RTCControlSocket(stream)] Sending heartbeat with last received sequence number: 8
[2026-09-15 21:23:20.555] [info]  [RTCControlSocket(stream)] Heartbeat ACK received
[2026-09-15 21:23:27.657] [info]  [RTCControlSocket(default)] Sending heartbeat with last received sequence number: 9
[2026-09-15 21:23:27.670] [info]  [RTCControlSocket(default)] Heartbeat ACK received
[2026-09-15 21:23:34.292] [info]  [RTCControlSocket(stream)] Sending heartbeat with last received sequence number: 8
[2026-09-15 21:23:34.309] [info]  [RTCControlSocket(stream)] Heartbeat ACK received
[2026-09-15 21:23:41.407] [info]  [RTCControlSocket(default)] Sending heartbeat with last received sequence number: 9
[2026-09-15 21:23:41.421] [info]  [RTCControlSocket(default)] Heartbeat ACK received
[2026-09-15 21:23:48.042] [info]  [RTCControlSocket(stream)] Sending heartbeat with last received sequence number: 8
[2026-09-15 21:23:48.078] [info]  [RTCControlSocket(stream)] Heartbeat ACK received
[2026-09-15 21:23:55.156] [info]  [RTCControlSocket(default)] Sending heartbeat with last received sequence number: 9
[2026-09-15 21:23:55.178] [info]  [RTCControlSocket(default)] Heartbeat ACK received
[2026-09-15 21:24:01.792] [info]  [RTCControlSocket(stream)] Sending heartbeat with last received sequence number: 8
[2026-09-15 21:24:01.806] [info]  [RTCControlSocket(stream)] Heartbeat ACK received
[2026-09-15 21:24:08.907] [info]  [RTCControlSocket(default)] Sending heartbeat with last received sequence number: 9
[2026-09-15 21:24:08.924] [info]  [RTCControlSocket(default)] Heartbeat ACK received
[2026-09-15 21:24:15.542] [info]  [RTCControlSocket(stream)] Sending heartbeat with last received sequence number: 8
[2026-09-15 21:24:15.556] [info]  [RTCControlSocket(stream)] Heartbeat ACK received
[2026-09-15 21:24:22.657] [info]  [RTCControlSocket(default)] Sending heartbeat with last received sequence number: 9
[2026-09-15 21:24:22.673] [info]  [RTCControlSocket(default)] Heartbeat ACK received
[2026-09-15 21:24:29.291] [info]  [RTCControlSocket(stream)] Sending heartbeat with last received sequence number: 8
[2026-09-15 21:24:29.307] [info]  [RTCControlSocket(stream)] Heartbeat ACK received
[2026-09-15 21:24:36.407] [info]  [RTCControlSocket(default)] Sending heartbeat with last received sequence number: 9
[2026-09-15 21:24:36.421] [info]  [RTCControlSocket(default)] Heartbeat ACK received
[2026-09-15 21:24:43.042] [info]  [RTCControlSocket(stream)] Sending heartbeat with last received sequence number: 8
[2026-09-15 21:24:43.055] [info]  [RTCControlSocket(stream)] Heartbeat ACK received
[2026-09-15 21:24:50.156] [info]  [RTCControlSocket(default)] Sending heartbeat with last received sequence number: 9
[2026-09-15 21:24:50.169] [info]  [RTCControlSocket(default)] Heartbeat ACK received
[2026-09-15 21:24:56.791] [info]  [RTCControlSocket(stream)] Sending heartbeat with last received sequence number: 8
[2026-09-15 21:24:56.806] [info]  [RTCControlSocket(stream)] Heartbeat ACK received
[2026-09-15 21:25:03.907] [info]  [RTCControlSocket(default)] Sending heartbeat with last received sequence number: 9
[2026-09-15 21:25:03.942] [info]  [RTCControlSocket(default)] Heartbeat ACK received
[2026-09-15 21:25:10.542] [info]  [RTCControlSocket(stream)] Sending heartbeat with last received sequence number: 8
[2026-09-15 21:25:10.556] [info]  [RTCControlSocket(stream)] Heartbeat ACK received
[2026-09-15 21:25:17.657] [info]  [RTCControlSocket(default)] Sending heartbeat with last received sequence number: 9
[2026-09-15 21:25:17.671] [info]  [RTCControlSocket(default)] Heartbeat ACK received
[2026-09-15 21:25:24.292] [info]  [RTCControlSocket(stream)] Sending heartbeat with last received sequence number: 8
[2026-09-15 21:25:24.305] [info]  [RTCControlSocket(stream)] Heartbeat ACK received
[2026-09-15 21:25:31.407] [info]  [RTCControlSocket(default)] Sending heartbeat with last received sequence number: 9
[2026-09-15 21:25:31.425] [info]  [RTCControlSocket(default)] Heartbeat ACK received
[2026-09-15 21:25:38.042] [info]  [RTCControlSocket(stream)] Sending heartbeat with last received sequence number: 8
[2026-09-15 21:25:38.057] [info]  [RTCControlSocket(stream)] Heartbeat ACK received
[2026-09-15 21:25:45.156] [info]  [RTCControlSocket(default)] Sending heartbeat with last received sequence number: 9
[2026-09-15 21:25:45.170] [info]  [RTCControlSocket(default)] Heartbeat ACK received
[2026-09-15 21:25:51.792] [info]  [RTCControlSocket(stream)] Sending heartbeat with last received sequence number: 8
[2026-09-15 21:25:51.805] [info]  [RTCControlSocket(stream)] Heartbeat ACK received
[2026-09-15 21:25:58.907] [info]  [RTCControlSocket(default)] Sending heartbeat with last received sequence number: 9
[2026-09-15 21:25:58.922] [info]  [RTCControlSocket(default)] Heartbeat ACK received
[2026-09-15 21:26:05.542] [info]  [RTCControlSocket(stream)] Sending heartbeat with last received sequence number: 8
[2026-09-15 21:26:05.557] [info]  [RTCControlSocket(stream)] Heartbeat ACK received
[2026-09-15 21:26:12.657] [info]  [RTCControlSocket(default)] Sending heartbeat with last received sequence number: 9
[2026-09-15 21:26:12.672] [info]  [RTCControlSocket(default)] Heartbeat ACK received
[2026-09-15 21:26:19.292] [info]  [RTCControlSocket(stream)] Sending heartbeat with last received sequence number: 8
[2026-09-15 21:26:19.311] [info]  [RTCControlSocket(stream)] Heartbeat ACK received
[2026-09-15 21:26:26.406] [info]  [RTCControlSocket(default)] Sending heartbeat with last received sequence number: 9
[2026-09-15 21:26:26.421] [info]  [RTCControlSocket(default)] Heartbeat ACK received
[2026-09-15 21:26:33.042] [info]  [RTCControlSocket(stream)] Sending heartbeat with last received sequence number: 8
[2026-09-15 21:26:33.060] [info]  [RTCControlSocket(stream)] Heartbeat ACK received
[2026-09-15 21:26:40.157] [info]  [RTCControlSocket(default)] Sending heartbeat with last received sequence number: 9
[2026-09-15 21:26:40.172] [info]  [RTCControlSocket(default)] Heartbeat ACK received
[2026-09-15 21:26:46.792] [info]  [RTCControlSocket(stream)] Sending heartbeat with last received sequence number: 8
[2026-09-15 21:26:46.810] [info]  [RTCControlSocket(stream)] Heartbeat ACK received
[2026-09-15 21:26:53.906] [info]  [RTCControlSocket(default)] Sending heartbeat with last received sequence number: 9
[2026-09-15 21:26:53.921] [info]  [RTCControlSocket(default)] Heartbeat ACK received
[2026-09-15 21:27:00.542] [info]  [RTCControlSocket(stream)] Sending heartbeat with last received sequence number: 8
[2026-09-15 21:27:00.555] [info]  [RTCControlSocket(stream)] Heartbeat ACK received
[2026-09-15 21:27:07.657] [info]  [RTCControlSocket(default)] Sending heartbeat with last received sequence number: 9
[2026-09-15 21:27:07.671] [info]  [RTCControlSocket(default)] Heartbeat ACK received
[2026-09-15 21:27:14.292] [info]  [RTCControlSocket(stream)] Sending heartbeat with last received sequence number: 8
[2026-09-15 21:27:14.306] [info]  [RTCControlSocket(stream)] Heartbeat ACK received
[2026-09-15 21:27:21.406] [info]  [RTCControlSocket(default)] Sending heartbeat with last received sequence number: 9
[2026-09-15 21:27:21.421] [info]  [RTCControlSocket(default)] Heartbeat ACK received
[2026-09-15 21:27:28.042] [info]  [RTCControlSocket(stream)] Sending heartbeat with last received sequence number: 8
[2026-09-15 21:27:28.057] [info]  [RTCControlSocket(stream)] Heartbeat ACK received
[2026-09-15 21:27:35.157] [info]  [RTCControlSocket(default)] Sending heartbeat with last received sequence number: 9
[2026-09-15 21:27:35.169] [info]  [RTCControlSocket(default)] Heartbeat ACK received
[2026-09-15 21:27:41.792] [info]  [RTCControlSocket(stream)] Sending heartbeat with last received sequence number: 8
[2026-09-15 21:27:41.808] [info]  [RTCControlSocket(stream)] Heartbeat ACK received
[2026-09-15 21:27:48.906] [info]  [RTCControlSocket(default)] Sending heartbeat with last received sequence number: 9
[2026-09-15 21:27:48.920] [info]  [RTCControlSocket(default)] Heartbeat ACK received
[2026-09-15 21:27:55.541] [info]  [RTCControlSocket(stream)] Sending heartbeat with last received sequence number: 8
[2026-09-15 21:27:55.560] [info]  [RTCControlSocket(stream)] Heartbeat ACK received
[2026-09-15 21:28:02.657] [info]  [RTCControlSocket(default)] Sending heartbeat with last received sequence number: 9
[2026-09-15 21:28:02.672] [info]  [RTCControlSocket(default)] Heartbeat ACK received
[2026-09-15 21:28:09.291] [info]  [RTCControlSocket(stream)] Sending heartbeat with last received sequence number: 8
[2026-09-15 21:28:09.306] [info]  [RTCControlSocket(stream)] Heartbeat ACK received
[2026-09-15 21:28:14.673] [info]  [ConnectionEventFramerateReducer] BaseConnection.userSpeakingChange: Reduced framerate after 15000 ms.
[2026-09-15 21:28:16.407] [info]  [RTCControlSocket(default)] Sending heartbeat with last received sequence number: 9
[2026-09-15 21:28:16.423] [info]  [RTCControlSocket(default)] Heartbeat ACK received
[2026-09-15 21:28:23.042] [info]  [RTCControlSocket(stream)] Sending heartbeat with last received sequence number: 8
[2026-09-15 21:28:23.055] [info]  [RTCControlSocket(stream)] Heartbeat ACK received
[2026-09-15 21:28:30.157] [info]  [RTCControlSocket(default)] Sending heartbeat with last received sequence number: 9
[2026-09-15 21:28:30.175] [info]  [RTCControlSocket(default)] Heartbeat ACK received
[2026-09-15 21:28:36.792] [info]  [RTCControlSocket(stream)] Sending heartbeat with last received sequence number: 8
[2026-09-15 21:28:36.807] [info]  [RTCControlSocket(stream)] Heartbeat ACK received
[2026-09-15 21:28:43.907] [info]  [RTCControlSocket(default)] Sending heartbeat with last received sequence number: 9
[2026-09-15 21:28:43.920] [info]  [RTCControlSocket(default)] Heartbeat ACK received
[2026-09-15 21:28:50.544] [info]  [RTCControlSocket(stream)] Sending heartbeat with last received sequence number: 8
[2026-09-15 21:28:50.554] [info]  [RTCControlSocket(stream)] Heartbeat ACK received
[2026-09-15 21:28:57.657] [info]  [RTCControlSocket(default)] Sending heartbeat with last received sequence number: 9
[2026-09-15 21:28:57.670] [info]  [RTCControlSocket(default)] Heartbeat ACK received
[2026-09-15 21:29:04.292] [info]  [RTCControlSocket(stream)] Sending heartbeat with last received sequence number: 8
[2026-09-15 21:29:04.306] [info]  [RTCControlSocket(stream)] Heartbeat ACK received
[2026-09-15 21:29:11.407] [info]  [RTCControlSocket(default)] Sending heartbeat with last received sequence number: 9
[2026-09-15 21:29:11.419] [info]  [RTCControlSocket(default)] Heartbeat ACK received
[2026-09-15 21:29:18.041] [info]  [RTCControlSocket(stream)] Sending heartbeat with last received sequence number: 8
[2026-09-15 21:29:18.054] [info]  [RTCControlSocket(stream)] Heartbeat ACK received
[2026-09-15 21:29:25.156] [info]  [RTCControlSocket(default)] Sending heartbeat with last received sequence number: 9
[2026-09-15 21:29:25.171] [info]  [RTCControlSocket(default)] Heartbeat ACK received
[2026-09-15 21:29:31.792] [info]  [RTCControlSocket(stream)] Sending heartbeat with last received sequence number: 8
[2026-09-15 21:29:31.804] [info]  [RTCControlSocket(stream)] Heartbeat ACK received
[2026-09-15 21:29:38.907] [info]  [RTCControlSocket(default)] Sending heartbeat with last received sequence number: 9
[2026-09-15 21:29:38.921] [info]  [RTCControlSocket(default)] Heartbeat ACK received
[2026-09-15 21:29:45.542] [info]  [RTCControlSocket(stream)] Sending heartbeat with last received sequence number: 8
[2026-09-15 21:29:45.556] [info]  [RTCControlSocket(stream)] Heartbeat ACK received
[2026-09-15 21:29:52.657] [info]  [RTCControlSocket(default)] Sending heartbeat with last received sequence number: 9
[2026-09-15 21:29:52.671] [info]  [RTCControlSocket(default)] Heartbeat ACK received
[2026-09-15 21:29:59.294] [info]  [RTCControlSocket(stream)] Sending heartbeat with last received sequence number: 8
[2026-09-15 21:29:59.308] [info]  [RTCControlSocket(stream)] Heartbeat ACK received
[2026-09-15 21:30:06.407] [info]  [RTCControlSocket(default)] Sending heartbeat with last received sequence number: 9
[2026-09-15 21:30:06.420] [info]  [RTCControlSocket(default)] Heartbeat ACK received
[2026-09-15 21:30:13.042] [info]  [RTCControlSocket(stream)] Sending heartbeat with last received sequence number: 8
[2026-09-15 21:30:13.073] [info]  [RTCControlSocket(stream)] Heartbeat ACK received
[2026-09-15 21:30:20.157] [info]  [RTCControlSocket(default)] Sending heartbeat with last received sequence number: 9
[2026-09-15 21:30:20.170] [info]  [RTCControlSocket(default)] Heartbeat ACK received
[2026-09-15 21:30:26.792] [info]  [RTCControlSocket(stream)] Sending heartbeat with last received sequence number: 8
[2026-09-15 21:30:26.805] [info]  [RTCControlSocket(stream)] Heartbeat ACK received
[2026-09-15 21:30:33.907] [info]  [RTCControlSocket(default)] Sending heartbeat with last received sequence number: 9
[2026-09-15 21:30:33.920] [info]  [RTCControlSocket(default)] Heartbeat ACK received
[2026-09-15 21:30:40.542] [info]  [RTCControlSocket(stream)] Sending heartbeat with last received sequence number: 8
[2026-09-15 21:30:40.558] [info]  [RTCControlSocket(stream)] Heartbeat ACK received
[2026-09-15 21:30:47.656] [info]  [RTCControlSocket(default)] Sending heartbeat with last received sequence number: 9
[2026-09-15 21:30:47.673] [info]  [RTCControlSocket(default)] Heartbeat ACK received
[2026-09-15 21:30:54.292] [info]  [RTCControlSocket(stream)] Sending heartbeat with last received sequence number: 8
[2026-09-15 21:30:54.305] [info]  [RTCControlSocket(stream)] Heartbeat ACK received
[2026-09-15 21:31:01.407] [info]  [RTCControlSocket(default)] Sending heartbeat with last received sequence number: 9
[2026-09-15 21:31:01.422] [info]  [RTCControlSocket(default)] Heartbeat ACK received
[2026-09-15 21:31:08.042] [info]  [RTCControlSocket(stream)] Sending heartbeat with last received sequence number: 8
[2026-09-15 21:31:08.058] [info]  [RTCControlSocket(stream)] Heartbeat ACK received
[2026-09-15 21:31:15.156] [info]  [RTCControlSocket(default)] Sending heartbeat with last received sequence number: 9
[2026-09-15 21:31:15.191] [info]  [RTCControlSocket(default)] Heartbeat ACK received
[2026-09-15 21:31:21.792] [info]  [RTCControlSocket(stream)] Sending heartbeat with last received sequence number: 8
[2026-09-15 21:31:21.805] [info]  [RTCControlSocket(stream)] Heartbeat ACK received
[2026-09-15 21:31:28.907] [info]  [RTCControlSocket(default)] Sending heartbeat with last received sequence number: 9
[2026-09-15 21:31:28.919] [info]  [RTCControlSocket(default)] Heartbeat ACK received
[2026-09-15 21:31:35.542] [info]  [RTCControlSocket(stream)] Sending heartbeat with last received sequence number: 8
[2026-09-15 21:31:35.556] [info]  [RTCControlSocket(stream)] Heartbeat ACK received
[2026-09-15 21:31:42.657] [info]  [RTCControlSocket(default)] Sending heartbeat with last received sequence number: 9
[2026-09-15 21:31:42.672] [info]  [RTCControlSocket(default)] Heartbeat ACK received
[2026-09-15 21:31:49.292] [info]  [RTCControlSocket(stream)] Sending heartbeat with last received sequence number: 8
[2026-09-15 21:31:49.307] [info]  [RTCControlSocket(stream)] Heartbeat ACK received
[2026-09-15 21:31:56.407] [info]  [RTCControlSocket(default)] Sending heartbeat with last received sequence number: 9
[2026-09-15 21:31:56.421] [info]  [RTCControlSocket(default)] Heartbeat ACK received
[2026-09-15 21:32:03.042] [info]  [RTCControlSocket(stream)] Sending heartbeat with last received sequence number: 8
[2026-09-15 21:32:03.056] [info]  [RTCControlSocket(stream)] Heartbeat ACK received
[2026-09-15 21:32:10.157] [info]  [RTCControlSocket(default)] Sending heartbeat with last received sequence number: 9
[2026-09-15 21:32:10.170] [info]  [RTCControlSocket(default)] Heartbeat ACK received
[2026-09-15 21:32:16.792] [info]  [RTCControlSocket(stream)] Sending heartbeat with last received sequence number: 8
[2026-09-15 21:32:16.805] [info]  [RTCControlSocket(stream)] Heartbeat ACK received
[2026-09-15 21:32:23.907] [info]  [RTCControlSocket(default)] Sending heartbeat with last received sequence number: 9
[2026-09-15 21:32:23.921] [info]  [RTCControlSocket(default)] Heartbeat ACK received
[2026-09-15 21:32:30.542] [info]  [RTCControlSocket(stream)] Sending heartbeat with last received sequence number: 8
[2026-09-15 21:32:30.555] [info]  [RTCControlSocket(stream)] Heartbeat ACK received
[2026-09-15 21:32:37.656] [info]  [RTCControlSocket(default)] Sending heartbeat with last received sequence number: 9
[2026-09-15 21:32:37.671] [info]  [RTCControlSocket(default)] Heartbeat ACK received
[2026-09-15 21:32:44.292] [info]  [RTCControlSocket(stream)] Sending heartbeat with last received sequence number: 8
[2026-09-15 21:32:44.306] [info]  [RTCControlSocket(stream)] Heartbeat ACK received
[2026-09-15 21:32:51.414] [info]  [RTCControlSocket(default)] Sending heartbeat with last received sequence number: 9
[2026-09-15 21:32:51.434] [info]  [RTCControlSocket(default)] Heartbeat ACK received
[2026-09-15 21:32:58.042] [info]  [RTCControlSocket(stream)] Sending heartbeat with last received sequence number: 8
[2026-09-15 21:32:58.059] [info]  [RTCControlSocket(stream)] Heartbeat ACK received
[2026-09-15 21:33:05.157] [info]  [RTCControlSocket(default)] Sending heartbeat with last received sequence number: 9
[2026-09-15 21:33:05.169] [info]  [RTCControlSocket(default)] Heartbeat ACK received
[2026-09-15 21:33:11.792] [info]  [RTCControlSocket(stream)] Sending heartbeat with last received sequence number: 8
[2026-09-15 21:33:11.807] [info]  [RTCControlSocket(stream)] Heartbeat ACK received
[2026-09-15 21:33:18.907] [info]  [RTCControlSocket(default)] Sending heartbeat with last received sequence number: 9
[2026-09-15 21:33:18.925] [info]  [RTCControlSocket(default)] Heartbeat ACK received
[2026-09-15 21:33:25.542] [info]  [RTCControlSocket(stream)] Sending heartbeat with last received sequence number: 8
[2026-09-15 21:33:25.557] [info]  [RTCControlSocket(stream)] Heartbeat ACK received
[2026-09-15 21:33:32.657] [info]  [RTCControlSocket(default)] Sending heartbeat with last received sequence number: 9
[2026-09-15 21:33:32.703] [info]  [RTCControlSocket(default)] Heartbeat ACK received
[2026-09-15 21:33:39.292] [info]  [RTCControlSocket(stream)] Sending heartbeat with last received sequence number: 8
[2026-09-15 21:33:39.304] [info]  [RTCControlSocket(stream)] Heartbeat ACK received
[2026-09-15 21:33:46.407] [info]  [RTCControlSocket(default)] Sending heartbeat with last received sequence number: 9
[2026-09-15 21:33:46.424] [info]  [RTCControlSocket(default)] Heartbeat ACK received
[2026-09-15 21:33:53.042] [info]  [RTCControlSocket(stream)] Sending heartbeat with last received sequence number: 8
[2026-09-15 21:33:53.056] [info]  [RTCControlSocket(stream)] Heartbeat ACK received
[2026-09-15 21:34:00.157] [info]  [RTCControlSocket(default)] Sending heartbeat with last received sequence number: 9
[2026-09-15 21:34:00.174] [info]  [RTCControlSocket(default)] Heartbeat ACK received
[2026-09-15 21:34:06.792] [info]  [RTCControlSocket(stream)] Sending heartbeat with last received sequence number: 8
[2026-09-15 21:34:06.807] [info]  [RTCControlSocket(stream)] Heartbeat ACK received
[2026-09-15 21:34:13.907] [info]  [RTCControlSocket(default)] Sending heartbeat with last received sequence number: 9
[2026-09-15 21:34:13.920] [info]  [RTCControlSocket(default)] Heartbeat ACK received
[2026-09-15 21:34:20.542] [info]  [RTCControlSocket(stream)] Sending heartbeat with last received sequence number: 8
[2026-09-15 21:34:20.556] [info]  [RTCControlSocket(stream)] Heartbeat ACK received
[2026-09-15 21:34:27.656] [info]  [RTCControlSocket(default)] Sending heartbeat with last received sequence number: 9
[2026-09-15 21:34:27.669] [info]  [RTCControlSocket(default)] Heartbeat ACK received
[2026-09-15 21:34:34.292] [info]  [RTCControlSocket(stream)] Sending heartbeat with last received sequence number: 8
[2026-09-15 21:34:34.310] [info]  [RTCControlSocket(stream)] Heartbeat ACK received
[2026-09-15 21:34:41.407] [info]  [RTCControlSocket(default)] Sending heartbeat with last received sequence number: 9
[2026-09-15 21:34:41.422] [info]  [RTCControlSocket(default)] Heartbeat ACK received
[2026-09-15 21:34:48.042] [info]  [RTCControlSocket(stream)] Sending heartbeat with last received sequence number: 8
[2026-09-15 21:34:48.055] [info]  [RTCControlSocket(stream)] Heartbeat ACK received
[2026-09-15 21:34:55.156] [info]  [RTCControlSocket(default)] Sending heartbeat with last received sequence number: 9
[2026-09-15 21:34:55.171] [info]  [RTCControlSocket(default)] Heartbeat ACK received
[2026-09-15 21:35:01.791] [info]  [RTCControlSocket(stream)] Sending heartbeat with last received sequence number: 8
[2026-09-15 21:35:01.806] [info]  [RTCControlSocket(stream)] Heartbeat ACK received
[2026-09-15 21:35:08.906] [info]  [RTCControlSocket(default)] Sending heartbeat with last received sequence number: 9
[2026-09-15 21:35:08.919] [info]  [RTCControlSocket(default)] Heartbeat ACK received
[2026-09-15 21:35:15.542] [info]  [RTCControlSocket(stream)] Sending heartbeat with last received sequence number: 8
[2026-09-15 21:35:15.556] [info]  [RTCControlSocket(stream)] Heartbeat ACK received
[2026-09-15 21:35:22.657] [info]  [RTCControlSocket(default)] Sending heartbeat with last received sequence number: 9
[2026-09-15 21:35:22.673] [info]  [RTCControlSocket(default)] Heartbeat ACK received
[2026-09-15 21:35:29.292] [info]  [RTCControlSocket(stream)] Sending heartbeat with last received sequence number: 8
[2026-09-15 21:35:29.311] [info]  [RTCControlSocket(stream)] Heartbeat ACK received
[2026-09-15 21:35:36.407] [info]  [RTCControlSocket(default)] Sending heartbeat with last received sequence number: 9
[2026-09-15 21:35:36.424] [info]  [RTCControlSocket(default)] Heartbeat ACK received
[2026-09-15 21:35:43.042] [info]  [RTCControlSocket(stream)] Sending heartbeat with last received sequence number: 8
[2026-09-15 21:35:43.057] [info]  [RTCControlSocket(stream)] Heartbeat ACK received
[2026-09-15 21:35:50.157] [info]  [RTCControlSocket(default)] Sending heartbeat with last received sequence number: 9
[2026-09-15 21:35:50.187] [info]  [RTCControlSocket(default)] Heartbeat ACK received
[2026-09-15 21:35:56.792] [info]  [RTCControlSocket(stream)] Sending heartbeat with last received sequence number: 8
[2026-09-15 21:35:56.805] [info]  [RTCControlSocket(stream)] Heartbeat ACK received
[2026-09-15 21:36:03.906] [info]  [RTCControlSocket(default)] Sending heartbeat with last received sequence number: 9
[2026-09-15 21:36:03.922] [info]  [RTCControlSocket(default)] Heartbeat ACK received
[2026-09-15 21:36:10.542] [info]  [RTCControlSocket(stream)] Sending heartbeat with last received sequence number: 8
[2026-09-15 21:36:10.558] [info]  [RTCControlSocket(stream)] Heartbeat ACK received
[2026-09-15 21:36:17.657] [info]  [RTCControlSocket(default)] Sending heartbeat with last received sequence number: 9
[2026-09-15 21:36:17.673] [info]  [RTCControlSocket(default)] Heartbeat ACK received
[2026-09-15 21:36:24.292] [info]  [RTCControlSocket(stream)] Sending heartbeat with last received sequence number: 8
[2026-09-15 21:36:24.306] [info]  [RTCControlSocket(stream)] Heartbeat ACK received
[2026-09-15 21:36:31.407] [info]  [RTCControlSocket(default)] Sending heartbeat with last received sequence number: 9
[2026-09-15 21:36:31.421] [info]  [RTCControlSocket(default)] Heartbeat ACK received
[2026-09-15 21:36:38.042] [info]  [RTCControlSocket(stream)] Sending heartbeat with last received sequence number: 8
[2026-09-15 21:36:38.064] [info]  [RTCControlSocket(stream)] Heartbeat ACK received
[2026-09-15 21:36:45.157] [info]  [RTCControlSocket(default)] Sending heartbeat with last received sequence number: 9
[2026-09-15 21:36:45.171] [info]  [RTCControlSocket(default)] Heartbeat ACK received
[2026-09-15 21:36:51.791] [info]  [RTCControlSocket(stream)] Sending heartbeat with last received sequence number: 8
[2026-09-15 21:36:51.805] [info]  [RTCControlSocket(stream)] Heartbeat ACK received
[2026-09-15 21:36:58.911] [info]  [RTCControlSocket(default)] Sending heartbeat with last received sequence number: 9
[2026-09-15 21:36:58.930] [info]  [RTCControlSocket(default)] Heartbeat ACK received
[2026-09-15 21:37:05.542] [info]  [RTCControlSocket(stream)] Sending heartbeat with last received sequence number: 8
[2026-09-15 21:37:05.555] [info]  [RTCControlSocket(stream)] Heartbeat ACK received
[2026-09-15 21:37:12.681] [info]  [RTCControlSocket(default)] Sending heartbeat with last received sequence number: 9
[2026-09-15 21:37:12.695] [info]  [RTCControlSocket(default)] Heartbeat ACK received
[2026-09-15 21:37:19.292] [info]  [RTCControlSocket(stream)] Sending heartbeat with last received sequence number: 8
[2026-09-15 21:37:19.305] [info]  [RTCControlSocket(stream)] Heartbeat ACK received
[2026-09-15 21:37:26.406] [info]  [RTCControlSocket(default)] Sending heartbeat with last received sequence number: 9
[2026-09-15 21:37:26.421] [info]  [RTCControlSocket(default)] Heartbeat ACK received
[2026-09-15 21:37:33.042] [info]  [RTCControlSocket(stream)] Sending heartbeat with last received sequence number: 8
[2026-09-15 21:37:33.056] [info]  [RTCControlSocket(stream)] Heartbeat ACK received
[2026-09-15 21:37:40.156] [info]  [RTCControlSocket(default)] Sending heartbeat with last received sequence number: 9
[2026-09-15 21:37:40.171] [info]  [RTCControlSocket(default)] Heartbeat ACK received
[2026-09-15 21:37:46.792] [info]  [RTCControlSocket(stream)] Sending heartbeat with last received sequence number: 8
[2026-09-15 21:37:46.805] [info]  [RTCControlSocket(stream)] Heartbeat ACK received
[2026-09-15 21:37:53.906] [info]  [RTCControlSocket(default)] Sending heartbeat with last received sequence number: 9
[2026-09-15 21:37:53.921] [info]  [RTCControlSocket(default)] Heartbeat ACK received
[2026-09-15 21:38:00.542] [info]  [RTCControlSocket(stream)] Sending heartbeat with last received sequence number: 8
[2026-09-15 21:38:00.554] [info]  [RTCControlSocket(stream)] Heartbeat ACK received
[2026-09-15 21:38:07.657] [info]  [RTCControlSocket(default)] Sending heartbeat with last received sequence number: 9
[2026-09-15 21:38:07.670] [info]  [RTCControlSocket(default)] Heartbeat ACK received
[2026-09-15 21:38:12.699] [info]  [DirectVideo] create video element for 6, readyState=0
[2026-09-15 21:38:12.769] [info]  Unsubscribing from direct frames for streamId 6
[2026-09-15 21:38:12.773] [info]  [DirectVideo] attaching srcObject for 6
[2026-09-15 21:38:12.776] [info]  Subscribing to direct frames for streamId 6
[2026-09-15 21:38:13.233] [info]  [DirectVideo] handleReady for 6, have onReady callback = true
[2026-09-15 21:38:13.245] [info]  [VideoStream] spinner visible for 469 ms
      [self_video, count for stream: 3]
[2026-09-15 21:38:13.625] [info]  [RTCConnection(1549496502739542086, stream)] Go Live Media sink wants: {"70425":100,"pixelCounts":{"70425":614698}}
[2026-09-15 21:38:14.296] [info]  [RTCControlSocket(stream)] Sending heartbeat with last received sequence number: 8
[2026-09-15 21:38:14.359] [info]  [RTCControlSocket(stream)] Heartbeat ACK received
[2026-09-15 21:38:15.872] [info]  [RTCConnection(1549496502739542086, stream)] Preparing DAVE protocol epoch: 1, protocol version: 1
[2026-09-15 21:38:15.873] [info]  [RTCConnection(1549496502739542086, stream)] Preparing DAVE protocol transition: 0, protocol version: 1
[2026-09-15 21:38:15.879] [info]  [Connection(stream)] DAVE protocol state update: {"version":1,"epochAuthenticator":""}
[2026-09-15 21:38:15.879] [info]  [RTCConnection(1549496502739542086, stream)] Got MLS key package, sending to RTC server
[2026-09-15 21:38:15.880] [info]  [RTCControlSocket(stream)] Sending MLS key package
[2026-09-15 21:38:15.905] [info]  [RTCConnection(1549496502739542086, stream)] Destroy RTCConnection
[2026-09-15 21:38:15.905] [info]  [RTCControlSocket(stream)] CLOSE
[2026-09-15 21:38:15.906] [info]  [RTCConnection(1549496502739542086, stream)] Disconnected from RTC server, clean: true, code: 1000, reason: Force Close, state: RTC_CONNECTED
[2026-09-15 21:38:15.914] [info]  [Connection(stream)] Connection state change: CONNECTED => DISCONNECTED
[2026-09-15 21:38:15.915] [info]  [RTCConnection(1549496502739542086, stream)] RTC media connection state change: RTC_CONNECTED => DISCONNECTED
[2026-09-15 21:38:15.915] [info]  [RTCConnection(1549496502739542086, stream)] RTC connection state: RTC_CONNECTED => RTC_DISCONNECTED
[2026-09-15 21:38:15.915] [info]  [Connection(stream)] Connection state change: DISCONNECTED => DISCONNECTED
[2026-09-15 21:38:15.916] [info]  [RTCConnection(1549496502739542086, stream)] RTC media connection state change: RTC_DISCONNECTED => DISCONNECTED
[2026-09-15 21:38:15.916] [info]  [RTCConnection(1549496502739542086, stream)] RTC connection state: RTC_DISCONNECTED => RTC_DISCONNECTED
[2026-09-15 21:38:15.916] [info]  [RTCConnection(1549496502739542086, stream)] RTC connection state: RTC_DISCONNECTED => DISCONNECTED
[2026-09-15 21:38:15.927] [info]  [RTCConnection(1549496502739542086, stream)] [VOICE_DISCONNECT] krisp_nc_model: null
[2026-09-15 21:38:15.938] [warn]  [RTCConnection(1549496502739542086, stream)] Error: codec survey is not available
[2026-09-15 21:38:15.969] [info]  [DirectVideo] create video element for 6, readyState=0
[2026-09-15 21:38:15.972] [info]  Unsubscribing from direct frames for streamId 6
[2026-09-15 21:38:15.975] [info]  Unsubscribing from direct frames for streamId 5
[2026-09-15 21:38:15.977] [info]  [StreamTile] Stream Tile State - activeStream: false | selected: false | Video: true | MediaEngine: true
[2026-09-15 21:38:15.977] [info]  [DirectVideo] attaching srcObject for 6
[2026-09-15 21:38:15.979] [info]  Subscribing to direct frames for streamId 6
[2026-09-15 21:38:16.003] [info]  [RTCConnection(1549496308446929060, default)] Remote media sink wants: {"any":100}
[2026-09-15 21:38:16.005] [info]  [RTCConnection(1549496308446929060, default)] Preparing DAVE protocol epoch: 1, protocol version: 1
[2026-09-15 21:38:16.005] [info]  [RTCConnection(1549496308446929060, default)] Preparing DAVE protocol transition: 0, protocol version: 1
[2026-09-15 21:38:16.036] [info]  [Connection(default)] DAVE protocol state update: {"version":1,"epochAuthenticator":""}
[2026-09-15 21:38:16.036] [info]  [RTCConnection(1549496308446929060, default)] Got MLS key package, sending to RTC server
[2026-09-15 21:38:16.036] [info]  [RTCControlSocket(default)] Sending MLS key package
[2026-09-15 21:38:16.043] [info]  [DirectVideo] handleReady for 6, have onReady callback = true
[2026-09-15 21:38:16.053] [info]  [VideoStream] spinner visible for 75 ms
      [self_video, count for stream: 4]
[2026-09-15 21:38:17.295] [info]  [RTCConnection(1549496308446929060, default)] Destroy RTCConnection
[2026-09-15 21:38:17.295] [info]  [RTCControlSocket(default)] CLOSE
[2026-09-15 21:38:17.296] [info]  [RTCConnection(1549496308446929060, default)] Disconnected from RTC server, clean: true, code: 1000, reason: Force Close, state: RTC_CONNECTED
[2026-09-15 21:38:17.304] [info]  [Connection(default)] Connection state change: CONNECTED => DISCONNECTED
[2026-09-15 21:38:17.304] [info]  [RTCConnection(1549496308446929060, default)] RTC media connection state change: RTC_CONNECTED => DISCONNECTED
[2026-09-15 21:38:17.305] [info]  [RTCConnection(1549496308446929060, default)] RTC connection state: RTC_CONNECTED => RTC_DISCONNECTED
[2026-09-15 21:38:17.305] [info]  [Connection(default)] Connection state change: DISCONNECTED => DISCONNECTED
[2026-09-15 21:38:17.305] [info]  [RTCConnection(1549496308446929060, default)] RTC media connection state change: RTC_DISCONNECTED => DISCONNECTED
[2026-09-15 21:38:17.306] [info]  [RTCConnection(1549496308446929060, default)] RTC connection state: RTC_DISCONNECTED => RTC_DISCONNECTED
[2026-09-15 21:38:17.306] [info]  [RTCConnection(1549496308446929060, default)] RTC connection state: RTC_DISCONNECTED => DISCONNECTED
[2026-09-15 21:38:17.345] [info]  Unsubscribing from direct frames for streamId 6
[2026-09-15 21:38:17.364] [warn]  [RTCConnection(1549496308446929060, default)] Error: codec survey is not available
[2026-09-15 21:38:17.365] [info]  [Clips] decider: clear() called — currentSessionGameKey=null currentSessionId=undefined pendingSessionGameKey=null candidates=0
[2026-09-15 21:38:17.365] [info]  [Clips] decider: processClipCandidates — sessionId=undefined candidates=0 staleCandidates=0 autoStashEnabled=false
[2026-09-15 21:38:17.366] [info]  [Clips] ranked clips: [object Object]
[2026-09-15 21:38:17.370] [info]  [RTCConnection(1549496308446929060, default)] [VOICE_DISCONNECT] krisp_nc_model: null
[2026-09-15 21:38:52.782] [info]  [WindowVisibilityVideoManager] Incoming video enabled changed, incomingVideoEnabled = false
[2026-09-15 21:57:54.791] [info]  [GatewaySocket] [WS CLOSED] (false, 1006, ) retrying in 1.34 seconds.
[2026-09-15 21:57:56.785] [info]  [GatewaySocket] [CONNECT] wss://gateway-us-east-1a.discord.gg, encoding: etf, version: 9, compression: zstd-stream
[2026-09-15 21:57:57.230] [info]  [GatewaySocket] [CONNECTED] wss://gateway-us-east-1a.discord.gg/?encoding=etf&v=9&compress=zstd-stream in 445 ms
[2026-09-15 21:57:57.231] [info]  [GatewaySocket] [RESUME] resuming session 287017f770775314fab27778c905ec9b, seq: 93
[2026-09-15 21:57:57.784] [info]  [Flux] Dispatching CONNECTION_RESUMED
[2026-09-15 21:57:57.789] [info]  [GatewaySocket] [RESUMED] took 1004ms, replayed 0 events, new seq: 94
[2026-09-15 21:58:02.786] [info]  [discord_protos.discord_users.v1.FrecencyUserSettings] Scheduling save from markDirty
[2026-09-15 21:58:02.789] [info]  [discord_protos.discord_users.v1.FrecencyUserSettings] Persisting proto
[2026-09-15 22:18:29.645] [info]  [Clips] decider: clear() called — currentSessionGameKey=null currentSessionId=undefined pendingSessionGameKey=null candidates=0
[2026-09-15 22:18:29.647] [info]  [Clips] decider: processClipCandidates — sessionId=undefined candidates=0 staleCandidates=0 autoStashEnabled=false
[2026-09-15 22:18:29.647] [info]  [Clips] ranked clips: [object Object]
[2026-09-15 22:18:29.648] [info]  [GatewaySocket] [WS CLOSED] (false, 1006, ) retrying in 1.56 seconds.
[2026-09-15 22:18:29.652] [info]  [Clips] decider: clear() called — currentSessionGameKey=null currentSessionId=undefined pendingSessionGameKey=null candidates=0
[2026-09-15 22:18:29.654] [info]  [Clips] decider: processClipCandidates — sessionId=undefined candidates=0 staleCandidates=0 autoStashEnabled=false
[2026-09-15 22:18:29.654] [info]  [Clips] ranked clips: [object Object]
[2026-09-16 17:28:20.922] [info]  [GatewaySocket] [CONNECT] wss://gateway-us-east-1a.discord.gg, encoding: etf, version: 9, compression: zstd-stream
[2026-09-16 17:28:20.942] [info]  [GatewaySocket] [WS CLOSED] (true, 0, power monitor resumed) retrying immediately.
[2026-09-16 17:28:20.955] [info]  [GatewaySocket] [CONNECT] wss://gateway-us-east-1a.discord.gg, encoding: etf, version: 9, compression: zstd-stream
[2026-09-16 17:28:20.956] [info]  [GatewaySocket] [WS CLOSED] (true, 0, power monitor resumed) retrying immediately.
[2026-09-16 17:28:20.956] [info]  [GatewaySocket] [CONNECT] wss://gateway-us-east-1a.discord.gg, encoding: etf, version: 9, compression: zstd-stream
[2026-09-16 17:28:20.995] [info]  [GatewaySocket] [WS CLOSED] (false, 0, An error with the websocket occurred) retrying in 2.85 seconds.
[2026-09-16 17:28:23.860] [info]  [GatewaySocket] [CONNECT] wss://gateway.discord.gg, encoding: etf, version: 9, compression: zstd-stream
[2026-09-16 17:28:23.869] [info]  [GatewaySocket] [WS CLOSED] (false, 0, An error with the websocket occurred) retrying in 7.80 seconds.
[2026-09-16 17:28:29.142] [info]  [GatewaySocket] [CONNECT] wss://gateway.discord.gg, encoding: etf, version: 9, compression: zstd-stream
[2026-09-16 17:28:29.153] [info]  [GatewaySocket] [WS CLOSED] (false, 0, An error with the websocket occurred) retrying in 2.40 seconds.
[2026-09-16 17:28:31.853] [info]  [GatewaySocket] [CONNECT] wss://gateway.discord.gg, encoding: etf, version: 9, compression: zstd-stream
[2026-09-16 17:28:32.211] [info]  [GatewaySocket] [CONNECTED] wss://gateway.discord.gg/?encoding=etf&v=9&compress=zstd-stream in 358 ms
[2026-09-16 17:28:32.925] [info]  [GatewaySocket] [READY] took 1071ms, as 52a26e507ea1a38729b83a2361a4fef0
[2026-09-16 17:28:32.939] [info]  [Flux] Dispatching CONNECTION_OPEN
[2026-09-16 17:28:32.944] [info]  [DatabaseManager] removing database (user: 1164952224254926932, database: null)
[2026-09-16 17:28:32.955] [warn]  [NativeDispatchUtils] Tried getting Dispatch instance before instantiated
[2026-09-16 17:28:32.979] [info]  [KeybindsStore] Default overlay keybind is unsupported [object Object]
[2026-09-16 17:28:32.989] [info]  [MessageActionCreators] Fetching messages for 1549496308446929060 between undefined and undefined. jump={"jumpType":"ANIMATED"}
[2026-09-16 17:28:33.211] [info]  [GatewaySocket] [READY_SUPPLEMENTAL] took 1359ms
[2026-09-16 17:28:33.217] [error] Uncaught (in promise) Error: Cannot set setting key: DESKTOP_TTI_SPLASH_USE_WEBP
[2026-09-16 17:28:33.953] [info]  [MessageActionCreators] Fetched 2 messages for 1549496308446929060 isBefore:false isAfter:false
[2026-09-16 17:28:33.956] [info]  [ChannelMessages] loadComplete: resetting state for channelId=1549496308446929060, sending.length=0
[2026-09-16 17:28:36.923] [error] Access to XMLHttpRequest at 'https://cdn.discordapp.com/changelogs/config_0.json?x=5' from origin 'https://ptb.discord.com' has been blocked by CORS policy: The 'Access-Control-Allow-Origin' header contains multiple values 'https://ptb.discord.com, https://ptb.discord.com', but only one is allowed.
[2026-09-16 17:28:36.927] [error] Uncaught (in promise) Error: Request has been terminated
Possible causes: the network is offline, Origin is not allowed by Access-Control-Allow-Origin, the page is being unloaded, etc.
[2026-09-16 17:28:43.854] [info]  [ReadStateStore] Deleting ReadState 1357494300908322920 0 [object Object]
[2026-09-16 17:28:44.853] [info]  [ReadStateStore] Deleting ReadState 1490016384925696120 0 [object Object]
[2026-09-16 19:02:52.719] [info]  [GatewaySocket] [CONNECT] wss://gateway-us-east-1a.discord.gg, encoding: etf, version: 9, compression: zstd-stream
[2026-09-16 19:02:53.197] [info]  [GatewaySocket] [CONNECTED] wss://gateway-us-east-1a.discord.gg/?encoding=etf&v=9&compress=zstd-stream in 480 ms
[2026-09-16 19:02:53.199] [info]  [GatewaySocket] [RESUME] resuming session 52a26e507ea1a38729b83a2361a4fef0, seq: 99
[2026-09-16 19:02:53.906] [info]  [Flux] Dispatching CONNECTION_RESUMED
[2026-09-16 19:02:53.907] [info]  [GatewaySocket] [RESUMED] took 1189ms, replayed 0 events, new seq: 100
[2026-09-16 20:14:48.014] [info]  [libdiscore] [BlockedDomainsStore] Successfully fetched blocked domains
[2026-09-16 21:28:01.725] [info]  [Clips] decider: clear() called — currentSessionGameKey=null currentSessionId=undefined pendingSessionGameKey=null candidates=0
[2026-09-16 21:28:01.726] [info]  [Clips] decider: processClipCandidates — sessionId=undefined candidates=0 staleCandidates=0 autoStashEnabled=false
[2026-09-16 21:28:01.727] [info]  [Clips] ranked clips: [object Object]
[2026-09-16 21:28:01.729] [info]  [GatewaySocket] [WS CLOSED] (false, 1006, ) retrying in 1.04 seconds.
[2026-09-16 21:28:01.743] [info]  [Clips] decider: clear() called — currentSessionGameKey=null currentSessionId=undefined pendingSessionGameKey=null candidates=0
[2026-09-16 21:28:01.743] [info]  [Clips] decider: processClipCandidates — sessionId=undefined candidates=0 staleCandidates=0 autoStashEnabled=false
[2026-09-16 21:28:01.744] [info]  [Clips] ranked clips: [object Object]
[2026-09-17 13:13:40.898] [info]  [GatewaySocket] [CONNECT] wss://gateway-us-east-1a.discord.gg, encoding: etf, version: 9, compression: zstd-stream
[2026-09-17 13:13:40.930] [info]  [GatewaySocket] [WS CLOSED] (true, 0, power monitor resumed) retrying immediately.
[2026-09-17 13:13:40.931] [info]  [GatewaySocket] [CONNECT] wss://gateway-us-east-1a.discord.gg, encoding: etf, version: 9, compression: zstd-stream
[2026-09-17 13:13:40.939] [info]  [GatewaySocket] [WS CLOSED] (true, 0, power monitor resumed) retrying immediately.
[2026-09-17 13:13:40.941] [info]  [GatewaySocket] [CONNECT] wss://gateway-us-east-1a.discord.gg, encoding: etf, version: 9, compression: zstd-stream
[2026-09-17 13:13:40.959] [info]  [GatewaySocket] [WS CLOSED] (false, 0, An error with the websocket occurred) retrying in 2.83 seconds.
[2026-09-17 13:13:43.872] [info]  [GatewaySocket] [CONNECT] wss://gateway.discord.gg, encoding: etf, version: 9, compression: zstd-stream
[2026-09-17 13:13:43.881] [info]  [GatewaySocket] [WS CLOSED] (false, 0, An error with the websocket occurred) retrying in 5.31 seconds.
[2026-09-17 13:13:49.086] [info]  [GatewaySocket] [CONNECT] wss://gateway.discord.gg, encoding: etf, version: 9, compression: zstd-stream
[2026-09-17 13:13:49.090] [info]  [GatewaySocket] [WS CLOSED] (false, 0, An error with the websocket occurred) retrying in 2.20 seconds.
[2026-09-17 13:13:51.869] [info]  [GatewaySocket] [CONNECT] wss://gateway.discord.gg, encoding: etf, version: 9, compression: zstd-stream
[2026-09-17 13:13:52.106] [info]  [GatewaySocket] [CONNECTED] wss://gateway.discord.gg/?encoding=etf&v=9&compress=zstd-stream in 236 ms
[2026-09-17 13:13:52.629] [info]  [GatewaySocket] [READY] took 759ms, as 1f9f88b1dcddc97571e594df1d50a931
[2026-09-17 13:13:52.649] [info]  [Flux] Dispatching CONNECTION_OPEN
[2026-09-17 13:13:52.655] [info]  [DatabaseManager] removing database (user: 1164952224254926932, database: null)
[2026-09-17 13:13:52.666] [warn]  [NativeDispatchUtils] Tried getting Dispatch instance before instantiated
[2026-09-17 13:13:52.689] [info]  [KeybindsStore] Default overlay keybind is unsupported [object Object]
[2026-09-17 13:13:52.698] [info]  [MessageActionCreators] Fetching messages for 1549496308446929060 between undefined and undefined. jump={"jumpType":"ANIMATED"}
[2026-09-17 13:13:52.897] [info]  [GatewaySocket] [READY_SUPPLEMENTAL] took 1028ms
[2026-09-17 13:13:52.907] [error] Uncaught (in promise) Error: Cannot set setting key: DESKTOP_TTI_SPLASH_USE_WEBP
[2026-09-17 13:13:52.940] [info]  [MessageActionCreators] Fetched 2 messages for 1549496308446929060 isBefore:false isAfter:false
[2026-09-17 13:13:52.943] [info]  [ChannelMessages] loadComplete: resetting state for channelId=1549496308446929060, sending.length=0
[2026-09-17 13:13:56.935] [error] Access to XMLHttpRequest at 'https://cdn.discordapp.com/changelogs/config_0.json?x=2' from origin 'https://ptb.discord.com' has been blocked by CORS policy: The 'Access-Control-Allow-Origin' header contains multiple values 'https://ptb.discord.com, https://ptb.discord.com', but only one is allowed.
[2026-09-17 13:13:56.941] [error] Uncaught (in promise) Error: Request has been terminated
Possible causes: the network is offline, Origin is not allowed by Access-Control-Allow-Origin, the page is being unloaded, etc.
[2026-09-17 13:14:02.870] [info]  [ReadStateStore] Deleting ReadState 1357494300908322922 0 [object Object]
[2026-09-17 13:14:03.869] [info]  [ReadStateStore] Deleting ReadState 1490012495203663882 0 [object Object]
[2026-09-17 13:14:08.998] [info]  [Clips] decider: clear() called — currentSessionGameKey=null currentSessionId=undefined pendingSessionGameKey=null candidates=0
[2026-09-17 13:14:08.999] [info]  [Clips] decider: processClipCandidates — sessionId=undefined candidates=0 staleCandidates=0 autoStashEnabled=false
[2026-09-17 13:14:08.999] [info]  [Clips] ranked clips: [object Object]
[2026-09-17 13:14:09.000] [info]  [GatewaySocket] [WS CLOSED] (false, 1006, ) retrying in 1.22 seconds.
[2026-09-17 13:14:09.007] [info]  [Clips] decider: clear() called — currentSessionGameKey=null currentSessionId=undefined pendingSessionGameKey=null candidates=0
[2026-09-17 13:14:09.008] [info]  [Clips] decider: processClipCandidates — sessionId=undefined candidates=0 staleCandidates=0 autoStashEnabled=false
[2026-09-17 13:14:09.008] [info]  [Clips] ranked clips: [object Object]
[2026-09-17 20:41:59.928] [info]  [GatewaySocket] [CONNECT] wss://gateway-us-east1-d.discord.gg, encoding: etf, version: 9, compression: zstd-stream
[2026-09-17 20:41:59.940] [info]  [GatewaySocket] [WS CLOSED] (true, 0, power monitor resumed) retrying immediately.
[2026-09-17 20:41:59.942] [info]  [GatewaySocket] [CONNECT] wss://gateway-us-east1-d.discord.gg, encoding: etf, version: 9, compression: zstd-stream
[2026-09-17 20:41:59.977] [info]  [GatewaySocket] [WS CLOSED] (true, 0, power monitor resumed) retrying immediately.
[2026-09-17 20:41:59.978] [info]  [GatewaySocket] [CONNECT] wss://gateway-us-east1-d.discord.gg, encoding: etf, version: 9, compression: zstd-stream
[2026-09-17 20:41:59.988] [info]  [GatewaySocket] [WS CLOSED] (false, 0, An error with the websocket occurred) retrying in 1.65 seconds.
[2026-09-17 20:42:02.539] [info]  [GatewaySocket] [CONNECT] wss://gateway.discord.gg, encoding: etf, version: 9, compression: zstd-stream
[2026-09-17 20:42:02.548] [info]  [GatewaySocket] [WS CLOSED] (false, 0, An error with the websocket occurred) retrying in 3.50 seconds.
[2026-09-17 20:42:06.538] [info]  [GatewaySocket] [CONNECT] wss://gateway.discord.gg, encoding: etf, version: 9, compression: zstd-stream
[2026-09-17 20:42:06.546] [info]  [GatewaySocket] [WS CLOSED] (false, 0, An error with the websocket occurred) retrying in 5.39 seconds.
[2026-09-17 20:42:08.096] [info]  [GatewaySocket] [CONNECT] wss://gateway.discord.gg, encoding: etf, version: 9, compression: zstd-stream
[2026-09-17 20:42:08.101] [info]  [GatewaySocket] [WS CLOSED] (false, 0, An error with the websocket occurred) retrying in 1.09 seconds.
[2026-09-17 20:42:09.539] [info]  [GatewaySocket] [CONNECT] wss://gateway.discord.gg, encoding: etf, version: 9, compression: zstd-stream
[2026-09-17 20:42:09.838] [info]  [GatewaySocket] [CONNECTED] wss://gateway.discord.gg/?encoding=etf&v=9&compress=zstd-stream in 300 ms
[2026-09-17 20:42:10.760] [info]  [GatewaySocket] [READY] took 1222ms, as 6eaaa5af99d9d08055d7959468bcc60f
[2026-09-17 20:42:10.778] [info]  [Flux] Dispatching CONNECTION_OPEN
[2026-09-17 20:42:10.783] [info]  [DatabaseManager] removing database (user: 1164952224254926932, database: null)
[2026-09-17 20:42:10.797] [warn]  [NativeDispatchUtils] Tried getting Dispatch instance before instantiated
[2026-09-17 20:42:10.824] [info]  [KeybindsStore] Default overlay keybind is unsupported [object Object]
[2026-09-17 20:42:10.844] [info]  [MessageActionCreators] Fetching messages for 1549496308446929060 between undefined and undefined. jump={"jumpType":"ANIMATED"}
[2026-09-17 20:42:11.005] [info]  [GatewaySocket] [READY_SUPPLEMENTAL] took 1468ms
[2026-09-17 20:42:11.007] [error] Uncaught (in promise) Error: Cannot set setting key: DESKTOP_TTI_SPLASH_USE_WEBP
[2026-09-17 20:42:11.073] [info]  [MessageActionCreators] Fetched 2 messages for 1549496308446929060 isBefore:false isAfter:false
[2026-09-17 20:42:11.075] [info]  [ChannelMessages] loadComplete: resetting state for channelId=1549496308446929060, sending.length=0
[2026-09-17 20:42:14.612] [error] Access to XMLHttpRequest at 'https://cdn.discordapp.com/changelogs/config_0.json?x=8' from origin 'https://ptb.discord.com' has been blocked by CORS policy: The 'Access-Control-Allow-Origin' header contains multiple values 'https://ptb.discord.com, https://ptb.discord.com', but only one is allowed.
[2026-09-17 20:42:14.618] [error] Uncaught (in promise) Error: Request has been terminated
Possible causes: the network is offline, Origin is not allowed by Access-Control-Allow-Origin, the page is being unloaded, etc.
[2026-09-17 20:42:21.538] [info]  [ReadStateStore] Deleting ReadState 1357494300908322923 0 [object Object]
[2026-09-17 20:42:22.538] [info]  [ReadStateStore] Deleting ReadState 1477080180857241630 0 [object Object]
